filename,relative_path,label,group_id,group_mode,fold
00000.jpg,训练集/00000.jpg,有漂浮物,dup_near_0000,duplicate_near,0
00002.jpg,训练集/00002.jpg,有漂浮物,dup_near_0001,duplicate_near,1
00003.jpg,训练集/00003.jpg,有漂浮物,dup_near_0002,duplicate_near,1
00004.jpg,训练集/00004.jpg,有漂浮物,dup_near_0003,duplicate_near,2
00005.jpg,训练集/00005.jpg,有漂浮物,dup_near_0004,duplicate_near,3
00006.jpg,训练集/00006.jpg,有漂浮物,dup_near_0005,duplicate_near,0
00007.jpg,训练集/00007.jpg,有漂浮物,dup_near_0006,duplicate_near,1
00008.jpg,训练集/00008.jpg,有漂浮物,dup_near_0007,duplicate_near,0
00009.jpg,训练集/00009.jpg,有漂浮物,dup_near_0008,duplicate_near,2
00010.jpg,训练集/00010.jpg,有漂浮物,dup_near_0009,duplicate_near,3
00011.jpg,训练集/00011.jpg,有漂浮物,dup_near_0010,duplicate_near,0
00012.jpg,训练集/00012.jpg,有漂浮物,dup_near_0011,duplicate_near,1
00013.jpg,训练集/00013.jpg,有漂浮物,dup_near_0012,duplicate_near,3
00014.jpg,训练集/00014.jpg,有漂浮物,dup_near_0013,duplicate_near,2
00015.jpg,训练集/00015.jpg,有漂浮物,dup_near_0014,duplicate_near,0
00016.jpg,训练集/00016.jpg,有漂浮物,dup_near_0015,duplicate_near,3
00017.jpg,训练集/00017.jpg,有漂浮物,dup_near_0016,duplicate_near,0
00018.jpg,训练集/00018.jpg,有漂浮物,dup_near_0017,duplicate_near,1
00019.jpg,训练集/00019.jpg,有漂浮物,dup_near_0018,duplicate_near,2
00020.jpg,训练集/00020.jpg,有漂浮物,dup_near_0019,duplicate_near,3
00021.jpg,训练集/00021.jpg,有漂浮物,dup_near_0020,duplicate_near,0
00022.jpg,训练集/00022.jpg,有漂浮物,dup_near_0021,duplicate_near,1
00023.jpg,训练集/00023.jpg,有漂浮物,dup_near_0022,duplicate_near,2
00024.jpg,训练集/00024.jpg,有漂浮物,dup_near_0023,duplicate_near,3
00025.jpg,训练集/00025.jpg,有漂浮物,dup_near_0024,duplicate_near,0
00026.jpg,训练集/00026.jpg,有漂浮物,dup_near_0025,duplicate_near,0
00027.jpg,训练集/00027.jpg,有漂浮物,dup_near_0026,duplicate_near,1
00028.jpg,训练集/00028.jpg,有漂浮物,dup_near_0027,duplicate_near,2
00029.jpg,训练集/00029.jpg,有漂浮物,dup_near_0028,duplicate_near,3
00030.jpg,训练集/00030.jpg,有漂浮物,dup_near_0029,duplicate_near,3
00031.jpg,训练集/00031.jpg,有漂浮物,dup_near_0030,duplicate_near,0
00032.jpg,训练集/00032.jpg,有漂浮物,dup_near_0031,duplicate_near,1
00033.jpg,训练集/00033.jpg,正常,dup_near_0032,duplicate_near,2
00034.jpg,训练集/00034.jpg,有漂浮物,dup_near_0033,duplicate_near,3
00035.jpg,训练集/00035.jpg,有漂浮物,dup_near_0034,duplicate_near,0
00036.jpg,训练集/00036.jpg,有漂浮物,dup_near_0035,duplicate_near,1
00037.jpg,训练集/00037.jpg,有漂浮物,dup_near_0036,duplicate_near,2
00038.jpg,训练集/00038.jpg,有漂浮物,dup_near_0037,duplicate_near,3
00039.jpg,训练集/00039.jpg,有漂浮物,dup_near_0038,duplicate_near,0
00040.jpg,训练集/00040.jpg,有漂浮物,dup_near_0039,duplicate_near,1
00041.jpg,训练集/00041.jpg,有漂浮物,dup_near_0040,duplicate_near,2
00042.jpg,训练集/00042.jpg,有漂浮物,dup_near_0041,duplicate_near,3
00043.jpg,训练集/00043.jpg,有漂浮物,dup_near_0042,duplicate_near,0
00044.jpg,训练集/00044.jpg,有漂浮物,dup_near_0043,duplicate_near,1
00045.jpg,训练集/00045.jpg,有漂浮物,dup_near_0044,duplicate_near,2
00046.jpg,训练集/00046.jpg,有漂浮物,dup_near_0045,duplicate_near,1
00047.jpg,训练集/00047.jpg,有漂浮物,dup_near_0046,duplicate_near,3
00048.jpg,训练集/00048.jpg,有漂浮物,dup_near_0047,duplicate_near,0
00049.jpg,训练集/00049.jpg,有漂浮物,dup_near_0048,duplicate_near,1
00050.jpg,训练集/00050.jpg,有漂浮物,dup_near_0049,duplicate_near,2
00051.jpg,训练集/00051.jpg,有漂浮物,dup_near_0050,duplicate_near,3
00052.jpg,训练集/00052.jpg,有漂浮物,dup_near_0051,duplicate_near,0
00053.jpg,训练集/00053.jpg,有漂浮物,dup_near_0052,duplicate_near,1
00054.jpg,训练集/00054.jpg,有漂浮物,dup_near_0053,duplicate_near,2
00055.jpg,训练集/00055.jpg,有漂浮物,dup_near_0054,duplicate_near,3
00056.jpg,训练集/00056.jpg,有漂浮物,dup_near_0055,duplicate_near,0
00057.jpg,训练集/00057.jpg,有漂浮物,dup_near_0056,duplicate_near,1
00058.jpg,训练集/00058.jpg,有漂浮物,dup_near_0057,duplicate_near,2
00059.jpg,训练集/00059.jpg,有漂浮物,dup_near_0058,duplicate_near,3
00060.jpg,训练集/00060.jpg,有漂浮物,dup_near_0059,duplicate_near,3
00061.jpg,训练集/00061.jpg,有漂浮物,dup_near_0060,duplicate_near,0
00063.jpg,训练集/00063.jpg,有漂浮物,dup_near_0061,duplicate_near,1
00064.jpg,训练集/00064.jpg,正常,dup_near_0062,duplicate_near,2
00065.jpg,训练集/00065.jpg,有漂浮物,dup_near_0063,duplicate_near,3
00066.jpg,训练集/00066.jpg,有漂浮物,dup_near_0064,duplicate_near,0
00067.jpg,训练集/00067.jpg,有漂浮物,dup_near_0065,duplicate_near,2
00068.jpg,训练集/00068.jpg,有漂浮物,dup_near_0066,duplicate_near,1
00069.jpg,训练集/00069.jpg,有漂浮物,dup_near_0067,duplicate_near,2
00070.jpg,训练集/00070.jpg,有漂浮物,dup_near_0068,duplicate_near,3
00071.jpg,训练集/00071.jpg,有漂浮物,dup_near_0069,duplicate_near,0
00072.jpg,训练集/00072.jpg,有漂浮物,dup_near_0070,duplicate_near,0
00073.jpg,训练集/00073.jpg,有漂浮物,dup_near_0071,duplicate_near,1
00074.jpg,训练集/00074.jpg,有漂浮物,dup_near_0072,duplicate_near,2
00075.jpg,训练集/00075.jpg,有漂浮物,dup_near_0073,duplicate_near,1
00076.jpg,训练集/00076.jpg,有漂浮物,dup_near_0074,duplicate_near,3
00077.jpg,训练集/00077.jpg,有漂浮物,dup_near_0075,duplicate_near,0
00078.jpg,训练集/00078.jpg,有漂浮物,dup_near_0076,duplicate_near,1
00079.jpg,训练集/00079.jpg,有漂浮物,dup_near_0077,duplicate_near,2
00080.jpg,训练集/00080.jpg,有漂浮物,dup_near_0078,duplicate_near,3
00081.jpg,训练集/00081.jpg,有漂浮物,dup_near_0079,duplicate_near,0
00082.jpg,训练集/00082.jpg,有漂浮物,dup_near_0080,duplicate_near,1
00083.jpg,训练集/00083.jpg,有漂浮物,dup_near_0081,duplicate_near,2
00084.jpg,训练集/00084.jpg,有漂浮物,dup_near_0082,duplicate_near,2
00085.jpg,训练集/00085.jpg,有漂浮物,dup_near_0083,duplicate_near,3
00086.jpg,训练集/00086.jpg,有漂浮物,dup_near_0084,duplicate_near,0
00087.jpg,训练集/00087.jpg,有漂浮物,dup_near_0085,duplicate_near,1
00088.jpg,训练集/00088.jpg,有漂浮物,dup_near_0086,duplicate_near,2
00089.jpg,训练集/00089.jpg,有漂浮物,dup_near_0087,duplicate_near,3
00090.jpg,训练集/00090.jpg,有漂浮物,dup_near_0088,duplicate_near,0
00091.jpg,训练集/00091.jpg,有漂浮物,dup_near_0089,duplicate_near,1
00092.jpg,训练集/00092.jpg,有漂浮物,dup_near_0090,duplicate_near,2
00093.jpg,训练集/00093.jpg,有漂浮物,dup_near_0091,duplicate_near,3
00094.jpg,训练集/00094.jpg,有漂浮物,dup_near_0092,duplicate_near,0
00095.jpg,训练集/00095.jpg,有漂浮物,dup_near_0093,duplicate_near,0
00096.jpg,训练集/00096.jpg,正常,dup_near_0094,duplicate_near,1
00097.jpg,训练集/00097.jpg,有漂浮物,dup_near_0095,duplicate_near,1
00098.jpg,训练集/00098.jpg,有漂浮物,dup_near_0096,duplicate_near,2
00099.jpg,训练集/00099.jpg,有漂浮物,dup_near_0097,duplicate_near,3
00100.jpg,训练集/00100.jpg,正常,dup_near_0098,duplicate_near,0
00101.jpg,训练集/00101.jpg,有漂浮物,dup_near_0099,duplicate_near,1
00102.jpg,训练集/00102.jpg,有漂浮物,dup_near_0100,duplicate_near,2
00103.jpg,训练集/00103.jpg,有漂浮物,dup_near_0101,duplicate_near,3
00104.jpg,训练集/00104.jpg,有漂浮物,dup_near_0102,duplicate_near,0
00105.jpg,训练集/00105.jpg,有漂浮物,dup_near_0103,duplicate_near,1
00106.jpg,训练集/00106.jpg,有漂浮物,dup_near_0104,duplicate_near,2
00107.jpg,训练集/00107.jpg,有漂浮物,dup_near_0105,duplicate_near,3
00108.jpg,训练集/00108.jpg,有漂浮物,dup_near_0106,duplicate_near,0
00109.jpg,训练集/00109.jpg,有漂浮物,dup_near_0107,duplicate_near,1
00110.jpg,训练集/00110.jpg,有漂浮物,dup_near_0108,duplicate_near,3
00111.jpg,训练集/00111.jpg,有漂浮物,dup_near_0109,duplicate_near,3
00112.jpg,训练集/00112.jpg,有漂浮物,dup_near_0110,duplicate_near,2
00113.jpg,训练集/00113.jpg,有漂浮物,dup_near_0111,duplicate_near,0
00114.jpg,训练集/00114.jpg,正常,dup_near_0112,duplicate_near,3
00115.jpg,训练集/00115.jpg,有漂浮物,dup_near_0113,duplicate_near,0
00116.jpg,训练集/00116.jpg,有漂浮物,dup_near_0114,duplicate_near,2
00117.jpg,训练集/00117.jpg,有漂浮物,dup_near_0115,duplicate_near,1
00118.jpg,训练集/00118.jpg,有漂浮物,dup_near_0116,duplicate_near,2
00119.jpg,训练集/00119.jpg,有漂浮物,dup_near_0117,duplicate_near,3
00120.jpg,训练集/00120.jpg,有漂浮物,dup_near_0118,duplicate_near,0
00121.jpg,训练集/00121.jpg,有漂浮物,dup_near_0119,duplicate_near,1
00122.jpg,训练集/00122.jpg,有漂浮物,dup_near_0120,duplicate_near,2
00123.jpg,训练集/00123.jpg,有漂浮物,dup_near_0121,duplicate_near,3
00124.jpg,训练集/00124.jpg,有漂浮物,dup_near_0122,duplicate_near,2
00125.jpg,训练集/00125.jpg,有漂浮物,dup_near_0123,duplicate_near,0
00126.jpg,训练集/00126.jpg,有漂浮物,dup_near_0124,duplicate_near,1
00127.jpg,训练集/00127.jpg,有漂浮物,dup_near_0125,duplicate_near,2
00129.jpg,训练集/00129.jpg,有漂浮物,dup_near_0126,duplicate_near,3
00130.jpg,训练集/00130.jpg,有漂浮物,dup_near_0127,duplicate_near,1
00131.jpg,训练集/00131.jpg,有漂浮物,dup_near_0128,duplicate_near,1
00132.jpg,训练集/00132.jpg,有漂浮物,dup_near_0129,duplicate_near,0
00133.jpg,训练集/00133.jpg,有漂浮物,dup_near_0130,duplicate_near,1
00134.jpg,训练集/00134.jpg,有漂浮物,dup_near_0131,duplicate_near,2
00135.jpg,训练集/00135.jpg,有漂浮物,dup_near_0132,duplicate_near,3
00136.jpg,训练集/00136.jpg,有漂浮物,dup_near_0133,duplicate_near,0
00137.jpg,训练集/00137.jpg,有漂浮物,dup_near_0134,duplicate_near,0
00138.jpg,训练集/00138.jpg,有漂浮物,dup_near_0135,duplicate_near,1
00139.jpg,训练集/00139.jpg,有漂浮物,dup_near_0136,duplicate_near,2
00140.jpg,训练集/00140.jpg,有漂浮物,dup_near_0137,duplicate_near,3
00141.jpg,训练集/00141.jpg,有漂浮物,dup_near_0138,duplicate_near,0
00142.jpg,训练集/00142.jpg,有漂浮物,dup_near_0139,duplicate_near,1
00143.jpg,训练集/00143.jpg,有漂浮物,dup_near_0140,duplicate_near,2
00144.jpg,训练集/00144.jpg,有漂浮物,dup_near_0141,duplicate_near,2
00145.jpg,训练集/00145.jpg,有漂浮物,dup_near_0142,duplicate_near,3
00146.jpg,训练集/00146.jpg,有漂浮物,dup_near_0143,duplicate_near,0
00147.jpg,训练集/00147.jpg,有漂浮物,dup_near_0144,duplicate_near,1
00148.jpg,训练集/00148.jpg,有漂浮物,dup_near_0145,duplicate_near,2
00149.jpg,训练集/00149.jpg,有漂浮物,dup_near_0146,duplicate_near,3
00150.jpg,训练集/00150.jpg,有漂浮物,dup_near_0147,duplicate_near,3
00151.jpg,训练集/00151.jpg,有漂浮物,dup_near_0148,duplicate_near,0
00152.jpg,训练集/00152.jpg,有漂浮物,dup_near_0149,duplicate_near,1
00153.jpg,训练集/00153.jpg,有漂浮物,dup_near_0150,duplicate_near,2
00154.jpg,训练集/00154.jpg,有漂浮物,dup_near_0151,duplicate_near,3
00156.jpg,训练集/00156.jpg,有漂浮物,dup_near_0152,duplicate_near,0
00157.jpg,训练集/00157.jpg,有漂浮物,dup_near_0153,duplicate_near,0
00158.jpg,训练集/00158.jpg,有漂浮物,dup_near_0154,duplicate_near,1
00159.jpg,训练集/00159.jpg,有漂浮物,dup_near_0155,duplicate_near,2
00160.jpg,训练集/00160.jpg,有漂浮物,dup_near_0156,duplicate_near,1
00161.jpg,训练集/00161.jpg,有漂浮物,dup_near_0157,duplicate_near,3
00163.jpg,训练集/00163.jpg,有漂浮物,dup_near_0158,duplicate_near,0
00164.jpg,训练集/00164.jpg,有漂浮物,dup_near_0159,duplicate_near,1
00165.jpg,训练集/00165.jpg,有漂浮物,dup_near_0160,duplicate_near,2
00166.jpg,训练集/00166.jpg,有漂浮物,dup_near_0161,duplicate_near,3
00168.jpg,训练集/00168.jpg,有漂浮物,dup_near_0162,duplicate_near,0
00169.jpg,训练集/00169.jpg,有漂浮物,dup_near_0163,duplicate_near,1
00170.jpg,训练集/00170.jpg,有漂浮物,dup_near_0164,duplicate_near,2
00171.jpg,训练集/00171.jpg,有漂浮物,dup_near_0165,duplicate_near,3
00172.jpg,训练集/00172.jpg,有漂浮物,dup_near_0166,duplicate_near,1
00173.jpg,训练集/00173.jpg,有漂浮物,dup_near_0167,duplicate_near,0
00174.jpg,训练集/00174.jpg,有漂浮物,dup_near_0168,duplicate_near,1
00175.jpg,训练集/00175.jpg,有漂浮物,dup_near_0169,duplicate_near,2
00176.jpg,训练集/00176.jpg,有漂浮物,dup_near_0170,duplicate_near,3
00178.jpg,训练集/00178.jpg,有漂浮物,dup_near_0171,duplicate_near,0
00179.jpg,训练集/00179.jpg,有漂浮物,dup_near_0172,duplicate_near,1
00180.jpg,训练集/00180.jpg,有漂浮物,dup_near_0173,duplicate_near,2
00181.jpg,训练集/00181.jpg,有漂浮物,dup_near_0174,duplicate_near,3
00182.jpg,训练集/00182.jpg,有漂浮物,dup_near_0175,duplicate_near,0
00183.jpg,训练集/00183.jpg,有漂浮物,dup_near_0176,duplicate_near,1
00184.jpg,训练集/00184.jpg,有漂浮物,dup_near_0177,duplicate_near,2
00185.jpg,训练集/00185.jpg,有漂浮物,dup_near_0178,duplicate_near,3
00186.jpg,训练集/00186.jpg,有漂浮物,dup_near_0179,duplicate_near,2
00187.jpg,训练集/00187.jpg,有漂浮物,dup_near_0180,duplicate_near,0
00188.jpg,训练集/00188.jpg,有漂浮物,dup_near_0181,duplicate_near,1
00189.jpg,训练集/00189.jpg,有漂浮物,dup_near_0182,duplicate_near,2
00190.jpg,训练集/00190.jpg,有漂浮物,dup_near_0183,duplicate_near,3
00191.jpg,训练集/00191.jpg,有漂浮物,dup_near_0184,duplicate_near,0
00192.jpg,训练集/00192.jpg,有漂浮物,dup_near_0185,duplicate_near,1
00193.jpg,训练集/00193.jpg,有漂浮物,dup_near_0186,duplicate_near,2
00194.jpg,训练集/00194.jpg,有漂浮物,dup_near_0187,duplicate_near,3
00195.jpg,训练集/00195.jpg,有漂浮物,dup_near_0188,duplicate_near,0
00196.jpg,训练集/00196.jpg,有漂浮物,dup_near_0189,duplicate_near,1
00197.jpg,训练集/00197.jpg,有漂浮物,dup_near_0190,duplicate_near,2
00198.jpg,训练集/00198.jpg,有漂浮物,dup_near_0191,duplicate_near,3
00199.jpg,训练集/00199.jpg,有漂浮物,dup_near_0192,duplicate_near,3
00200.jpg,训练集/00200.jpg,有漂浮物,dup_near_0193,duplicate_near,0
00201.jpg,训练集/00201.jpg,有漂浮物,dup_near_0194,duplicate_near,1
00202.jpg,训练集/00202.jpg,有漂浮物,dup_near_0195,duplicate_near,2
00203.jpg,训练集/00203.jpg,有漂浮物,dup_near_0196,duplicate_near,3
00204.jpg,训练集/00204.jpg,有漂浮物,dup_near_0197,duplicate_near,0
00205.jpg,训练集/00205.jpg,有漂浮物,dup_near_0198,duplicate_near,1
00206.jpg,训练集/00206.jpg,有漂浮物,dup_near_0199,duplicate_near,3
00207.jpg,训练集/00207.jpg,有漂浮物,dup_near_0200,duplicate_near,2
00208.jpg,训练集/00208.jpg,有漂浮物,dup_near_0201,duplicate_near,1
00209.jpg,训练集/00209.jpg,有漂浮物,dup_near_0202,duplicate_near,0
00210.jpg,训练集/00210.jpg,有漂浮物,dup_near_0203,duplicate_near,3
00211.jpg,训练集/00211.jpg,有漂浮物,dup_near_0204,duplicate_near,0
00212.jpg,训练集/00212.jpg,有漂浮物,dup_near_0205,duplicate_near,1
00213.jpg,训练集/00213.jpg,有漂浮物,dup_near_0206,duplicate_near,2
00214.jpg,训练集/00214.jpg,有漂浮物,dup_near_0207,duplicate_near,2
00215.jpg,训练集/00215.jpg,有漂浮物,dup_near_0208,duplicate_near,3
00217.jpg,训练集/00217.jpg,有漂浮物,dup_near_0209,duplicate_near,1
00218.jpg,训练集/00218.jpg,有漂浮物,dup_near_0210,duplicate_near,0
00219.jpg,训练集/00219.jpg,有漂浮物,dup_near_0211,duplicate_near,1
00220.jpg,训练集/00220.jpg,有漂浮物,dup_near_0212,duplicate_near,2
00221.jpg,训练集/00221.jpg,有漂浮物,dup_near_0213,duplicate_near,3
00222.jpg,训练集/00222.jpg,有漂浮物,dup_near_0214,duplicate_near,3
00223.jpg,训练集/00223.jpg,有漂浮物,dup_near_0215,duplicate_near,0
00224.jpg,训练集/00224.jpg,有漂浮物,dup_near_0216,duplicate_near,1
00225.jpg,训练集/00225.jpg,有漂浮物,dup_near_0217,duplicate_near,2
00226.jpg,训练集/00226.jpg,有漂浮物,dup_near_0218,duplicate_near,3
00227.jpg,训练集/00227.jpg,有漂浮物,dup_near_0219,duplicate_near,0
00228.jpg,训练集/00228.jpg,有漂浮物,dup_near_0220,duplicate_near,1
00229.jpg,训练集/00229.jpg,有漂浮物,dup_near_0221,duplicate_near,2
00230.jpg,训练集/00230.jpg,有漂浮物,dup_near_0222,duplicate_near,3
00231.jpg,训练集/00231.jpg,有漂浮物,dup_near_0223,duplicate_near,0
00232.jpg,训练集/00232.jpg,有漂浮物,dup_near_0224,duplicate_near,1
00233.jpg,训练集/00233.jpg,有漂浮物,dup_near_0225,duplicate_near,2
00443.jpg,训练集/00443.jpg,有漂浮物,dup_near_0226,duplicate_near,3
00444.jpg,训练集/00444.jpg,有漂浮物,dup_near_0227,duplicate_near,0
00445.jpg,训练集/00445.jpg,有漂浮物,dup_near_0228,duplicate_near,3
00446.jpg,训练集/00446.jpg,有漂浮物,dup_near_0229,duplicate_near,1
00447.jpg,训练集/00447.jpg,有漂浮物,dup_near_0229,duplicate_near,1
00448.jpg,训练集/00448.jpg,有漂浮物,dup_near_0229,duplicate_near,1
00449.jpg,训练集/00449.jpg,有漂浮物,dup_near_0229,duplicate_near,1
00450.jpg,训练集/00450.jpg,有漂浮物,dup_near_0229,duplicate_near,1
00451.jpg,训练集/00451.jpg,有漂浮物,dup_near_0229,duplicate_near,1
00452.jpg,训练集/00452.jpg,有漂浮物,dup_near_0229,duplicate_near,1
00453.jpg,训练集/00453.jpg,有漂浮物,dup_near_0230,duplicate_near,2
00454.jpg,训练集/00454.jpg,有漂浮物,dup_near_0230,duplicate_near,2
00455.jpg,训练集/00455.jpg,有漂浮物,dup_near_0231,duplicate_near,3
00456.jpg,训练集/00456.jpg,有漂浮物,dup_near_0232,duplicate_near,0
00457.jpg,训练集/00457.jpg,有漂浮物,dup_near_0233,duplicate_near,1
00458.jpg,训练集/00458.jpg,有漂浮物,dup_near_0234,duplicate_near,2
00459.jpg,训练集/00459.jpg,有漂浮物,dup_near_0233,duplicate_near,1
00460.jpg,训练集/00460.jpg,有漂浮物,dup_near_0234,duplicate_near,2
00461.jpg,训练集/00461.jpg,有漂浮物,dup_near_0234,duplicate_near,2
00462.jpg,训练集/00462.jpg,有漂浮物,dup_near_0234,duplicate_near,2
00463.jpg,训练集/00463.jpg,有漂浮物,dup_near_0234,duplicate_near,2
00464.jpg,训练集/00464.jpg,有漂浮物,dup_near_0234,duplicate_near,2
00465.jpg,训练集/00465.jpg,有漂浮物,dup_near_0235,duplicate_near,3
00466.jpg,训练集/00466.jpg,有漂浮物,dup_near_0235,duplicate_near,3
00467.jpg,训练集/00467.jpg,有漂浮物,dup_near_0235,duplicate_near,3
00468.jpg,训练集/00468.jpg,有漂浮物,dup_near_0235,duplicate_near,3
00469.jpg,训练集/00469.jpg,有漂浮物,dup_near_0236,duplicate_near,0
00470.jpg,训练集/00470.jpg,有漂浮物,dup_near_0237,duplicate_near,1
00471.jpg,训练集/00471.jpg,有漂浮物,dup_near_0238,duplicate_near,2
00472.jpg,训练集/00472.jpg,有漂浮物,dup_near_0239,duplicate_near,3
00473.jpg,训练集/00473.jpg,有漂浮物,dup_near_0239,duplicate_near,3
00474.jpg,训练集/00474.jpg,有漂浮物,dup_near_0240,duplicate_near,0
00475.jpg,训练集/00475.jpg,有漂浮物,dup_near_0241,duplicate_near,0
00476.jpg,训练集/00476.jpg,有漂浮物,dup_near_0242,duplicate_near,2
00477.jpg,训练集/00477.jpg,有漂浮物,dup_near_0243,duplicate_near,0
00478.jpg,训练集/00478.jpg,有漂浮物,dup_near_0244,duplicate_near,1
00479.jpg,训练集/00479.jpg,有漂浮物,dup_near_0245,duplicate_near,1
00480.jpg,训练集/00480.jpg,有漂浮物,dup_near_0246,duplicate_near,2
00481.jpg,训练集/00481.jpg,有漂浮物,dup_near_0247,duplicate_near,3
00482.jpg,训练集/00482.jpg,有漂浮物,dup_near_0246,duplicate_near,2
00483.jpg,训练集/00483.jpg,有漂浮物,dup_near_0248,duplicate_near,0
00484.jpg,训练集/00484.jpg,有漂浮物,dup_near_0249,duplicate_near,1
00485.jpg,训练集/00485.jpg,有漂浮物,dup_near_0250,duplicate_near,2
00486.jpg,训练集/00486.jpg,有漂浮物,dup_near_0250,duplicate_near,2
00487.jpg,训练集/00487.jpg,有漂浮物,dup_near_0250,duplicate_near,2
00488.jpg,训练集/00488.jpg,有漂浮物,dup_near_0251,duplicate_near,3
00489.jpg,训练集/00489.jpg,有漂浮物,dup_near_0252,duplicate_near,0
00490.jpg,训练集/00490.jpg,有漂浮物,dup_near_0253,duplicate_near,1
00491.jpg,训练集/00491.jpg,有漂浮物,dup_near_0254,duplicate_near,2
00492.jpg,训练集/00492.jpg,有漂浮物,dup_near_0255,duplicate_near,3
00493.jpg,训练集/00493.jpg,有漂浮物,dup_near_0255,duplicate_near,3
00494.jpg,训练集/00494.jpg,有漂浮物,dup_near_0256,duplicate_near,0
00495.jpg,训练集/00495.jpg,有漂浮物,dup_near_0257,duplicate_near,1
00496.jpg,训练集/00496.jpg,有漂浮物,dup_near_0258,duplicate_near,2
00497.jpg,训练集/00497.jpg,有漂浮物,dup_near_0259,duplicate_near,3
00498.jpg,训练集/00498.jpg,有漂浮物,dup_near_0260,duplicate_near,0
00499.jpg,训练集/00499.jpg,有漂浮物,dup_near_0261,duplicate_near,1
00500.jpg,训练集/00500.jpg,有漂浮物,dup_near_0262,duplicate_near,2
00501.jpg,训练集/00501.jpg,有漂浮物,dup_near_0263,duplicate_near,3
00502.jpg,训练集/00502.jpg,有漂浮物,dup_near_0264,duplicate_near,0
00503.jpg,训练集/00503.jpg,有漂浮物,dup_near_0265,duplicate_near,1
00504.jpg,训练集/00504.jpg,有漂浮物,dup_near_0266,duplicate_near,2
00505.jpg,训练集/00505.jpg,有漂浮物,dup_near_0267,duplicate_near,2
00506.jpg,训练集/00506.jpg,有漂浮物,dup_near_0268,duplicate_near,3
00507.jpg,训练集/00507.jpg,有漂浮物,dup_near_0269,duplicate_near,0
00508.jpg,训练集/00508.jpg,有漂浮物,dup_near_0270,duplicate_near,1
00509.jpg,训练集/00509.jpg,有漂浮物,dup_near_0271,duplicate_near,2
00510.jpg,训练集/00510.jpg,有漂浮物,dup_near_0272,duplicate_near,3
00511.jpg,训练集/00511.jpg,有漂浮物,dup_near_0273,duplicate_near,0
00512.jpg,训练集/00512.jpg,有漂浮物,dup_near_0274,duplicate_near,1
00513.jpg,训练集/00513.jpg,有漂浮物,dup_near_0275,duplicate_near,2
00514.jpg,训练集/00514.jpg,有漂浮物,dup_near_0276,duplicate_near,3
00515.jpg,训练集/00515.jpg,有漂浮物,dup_near_0277,duplicate_near,2
00516.jpg,训练集/00516.jpg,有漂浮物,dup_near_0278,duplicate_near,0
00517.jpg,训练集/00517.jpg,有漂浮物,dup_near_0279,duplicate_near,1
00518.jpg,训练集/00518.jpg,有漂浮物,dup_near_0280,duplicate_near,2
00519.jpg,训练集/00519.jpg,有漂浮物,dup_near_0281,duplicate_near,3
00520.jpg,训练集/00520.jpg,有漂浮物,dup_near_0282,duplicate_near,0
00521.jpg,训练集/00521.jpg,有漂浮物,dup_near_0283,duplicate_near,1
00522.jpg,训练集/00522.jpg,有漂浮物,dup_near_0284,duplicate_near,2
00523.jpg,训练集/00523.jpg,有漂浮物,dup_near_0285,duplicate_near,3
00524.jpg,训练集/00524.jpg,有漂浮物,dup_near_0286,duplicate_near,0
00525.jpg,训练集/00525.jpg,有漂浮物,dup_near_0287,duplicate_near,1
00526.jpg,训练集/00526.jpg,有漂浮物,dup_near_0288,duplicate_near,2
00527.jpg,训练集/00527.jpg,有漂浮物,dup_near_0289,duplicate_near,3
00528.jpg,训练集/00528.jpg,有漂浮物,dup_near_0290,duplicate_near,0
00529.jpg,训练集/00529.jpg,有漂浮物,dup_near_0291,duplicate_near,1
00530.jpg,训练集/00530.jpg,有漂浮物,dup_near_0292,duplicate_near,2
00531.jpg,训练集/00531.jpg,有漂浮物,dup_near_0293,duplicate_near,3
00532.jpg,训练集/00532.jpg,有漂浮物,dup_near_0293,duplicate_near,3
00533.jpg,训练集/00533.jpg,有漂浮物,dup_near_0293,duplicate_near,3
00534.jpg,训练集/00534.jpg,有漂浮物,dup_near_0293,duplicate_near,3
00535.jpg,训练集/00535.jpg,有漂浮物,dup_near_0294,duplicate_near,0
00536.jpg,训练集/00536.jpg,有漂浮物,dup_near_0295,duplicate_near,2
00537.jpg,训练集/00537.jpg,有漂浮物,dup_near_0296,duplicate_near,1
00538.jpg,训练集/00538.jpg,有漂浮物,dup_near_0297,duplicate_near,2
00539.jpg,训练集/00539.jpg,有漂浮物,dup_near_0298,duplicate_near,3
00540.jpg,训练集/00540.jpg,有漂浮物,dup_near_0298,duplicate_near,3
00541.jpg,训练集/00541.jpg,有漂浮物,dup_near_0298,duplicate_near,3
00542.jpg,训练集/00542.jpg,有漂浮物,dup_near_0299,duplicate_near,3
00543.jpg,训练集/00543.jpg,有漂浮物,dup_near_0299,duplicate_near,3
00544.jpg,训练集/00544.jpg,有漂浮物,dup_near_0299,duplicate_near,3
00545.jpg,训练集/00545.jpg,有漂浮物,dup_near_0300,duplicate_near,3
00546.jpg,训练集/00546.jpg,有漂浮物,dup_near_0301,duplicate_near,0
00547.jpg,训练集/00547.jpg,有漂浮物,dup_near_0302,duplicate_near,0
00548.jpg,训练集/00548.jpg,有漂浮物,dup_near_0303,duplicate_near,2
00549.jpg,训练集/00549.jpg,有漂浮物,dup_near_0304,duplicate_near,1
00550.jpg,训练集/00550.jpg,有漂浮物,dup_near_0305,duplicate_near,3
00551.jpg,训练集/00551.jpg,有漂浮物,dup_near_0306,duplicate_near,2
00552.jpg,训练集/00552.jpg,有漂浮物,dup_near_0307,duplicate_near,3
00553.jpg,训练集/00553.jpg,有漂浮物,dup_near_0308,duplicate_near,0
00554.jpg,训练集/00554.jpg,有漂浮物,dup_near_0309,duplicate_near,1
00555.jpg,训练集/00555.jpg,有漂浮物,dup_near_0310,duplicate_near,2
00556.jpg,训练集/00556.jpg,有漂浮物,dup_near_0311,duplicate_near,3
00557.jpg,训练集/00557.jpg,有漂浮物,dup_near_0312,duplicate_near,0
00558.jpg,训练集/00558.jpg,有漂浮物,dup_near_0313,duplicate_near,0
00559.jpg,训练集/00559.jpg,有漂浮物,dup_near_0314,duplicate_near,1
00560.jpg,训练集/00560.jpg,有漂浮物,dup_near_0314,duplicate_near,1
00561.jpg,训练集/00561.jpg,有漂浮物,dup_near_0315,duplicate_near,2
00562.jpg,训练集/00562.jpg,有漂浮物,dup_near_0316,duplicate_near,3
00563.jpg,训练集/00563.jpg,有漂浮物,dup_near_0317,duplicate_near,0
00564.jpg,训练集/00564.jpg,有漂浮物,dup_near_0318,duplicate_near,1
00565.jpg,训练集/00565.jpg,有漂浮物,dup_near_0319,duplicate_near,2
00566.jpg,训练集/00566.jpg,有漂浮物,dup_near_0320,duplicate_near,3
00567.jpg,训练集/00567.jpg,有漂浮物,dup_near_0321,duplicate_near,0
00568.jpg,训练集/00568.jpg,有漂浮物,dup_near_0321,duplicate_near,0
00569.jpg,训练集/00569.jpg,有漂浮物,dup_near_0322,duplicate_near,1
00570.jpg,训练集/00570.jpg,有漂浮物,dup_near_0323,duplicate_near,2
00571.jpg,训练集/00571.jpg,有漂浮物,dup_near_0324,duplicate_near,3
00572.jpg,训练集/00572.jpg,有漂浮物,dup_near_0325,duplicate_near,0
00573.jpg,训练集/00573.jpg,有漂浮物,dup_near_0326,duplicate_near,1
00574.jpg,训练集/00574.jpg,有漂浮物,dup_near_0327,duplicate_near,2
00575.jpg,训练集/00575.jpg,有漂浮物,dup_near_0328,duplicate_near,3
00576.jpg,训练集/00576.jpg,有漂浮物,dup_near_0329,duplicate_near,0
00577.jpg,训练集/00577.jpg,有漂浮物,dup_near_0330,duplicate_near,1
00578.jpg,训练集/00578.jpg,有漂浮物,dup_near_0331,duplicate_near,1
00579.jpg,训练集/00579.jpg,有漂浮物,dup_near_0332,duplicate_near,2
00580.jpg,训练集/00580.jpg,有漂浮物,dup_near_0333,duplicate_near,1
00581.jpg,训练集/00581.jpg,有漂浮物,dup_near_0334,duplicate_near,3
00582.jpg,训练集/00582.jpg,有漂浮物,dup_near_0335,duplicate_near,0
00583.jpg,训练集/00583.jpg,有漂浮物,dup_near_0336,duplicate_near,1
00584.jpg,训练集/00584.jpg,有漂浮物,dup_near_0337,duplicate_near,2
00585.jpg,训练集/00585.jpg,有漂浮物,dup_near_0338,duplicate_near,3
00586.jpg,训练集/00586.jpg,有漂浮物,dup_near_0339,duplicate_near,0
00587.jpg,训练集/00587.jpg,有漂浮物,dup_near_0340,duplicate_near,0
00588.jpg,训练集/00588.jpg,有漂浮物,dup_near_0341,duplicate_near,1
00589.jpg,训练集/00589.jpg,有漂浮物,dup_near_0342,duplicate_near,2
00590.jpg,训练集/00590.jpg,有漂浮物,dup_near_0343,duplicate_near,3
00591.jpg,训练集/00591.jpg,有漂浮物,dup_near_0344,duplicate_near,0
00592.jpg,训练集/00592.jpg,有漂浮物,dup_near_0345,duplicate_near,0
00593.jpg,训练集/00593.jpg,有漂浮物,dup_near_0346,duplicate_near,1
00594.jpg,训练集/00594.jpg,有漂浮物,dup_near_0347,duplicate_near,2
00595.jpg,训练集/00595.jpg,有漂浮物,dup_near_0348,duplicate_near,3
00596.jpg,训练集/00596.jpg,有漂浮物,dup_near_0349,duplicate_near,0
00597.jpg,训练集/00597.jpg,有漂浮物,dup_near_0350,duplicate_near,1
00598.jpg,训练集/00598.jpg,有漂浮物,dup_near_0351,duplicate_near,2
00599.jpg,训练集/00599.jpg,有漂浮物,dup_near_0352,duplicate_near,3
00600.jpg,训练集/00600.jpg,有漂浮物,dup_near_0353,duplicate_near,0
00601.jpg,训练集/00601.jpg,有漂浮物,dup_near_0354,duplicate_near,1
00602.jpg,训练集/00602.jpg,有漂浮物,dup_near_0355,duplicate_near,2
00603.jpg,训练集/00603.jpg,有漂浮物,dup_near_0356,duplicate_near,2
00604.jpg,训练集/00604.jpg,有漂浮物,dup_near_0357,duplicate_near,3
00605.jpg,训练集/00605.jpg,有漂浮物,dup_near_0358,duplicate_near,0
00606.jpg,训练集/00606.jpg,有漂浮物,dup_near_0359,duplicate_near,1
00607.jpg,训练集/00607.jpg,有漂浮物,dup_near_0360,duplicate_near,2
00608.jpg,训练集/00608.jpg,有漂浮物,dup_near_0361,duplicate_near,3
00609.jpg,训练集/00609.jpg,有漂浮物,dup_near_0362,duplicate_near,0
00610.jpg,训练集/00610.jpg,有漂浮物,dup_near_0363,duplicate_near,1
00611.jpg,训练集/00611.jpg,有漂浮物,dup_near_0364,duplicate_near,2
00612.jpg,训练集/00612.jpg,有漂浮物,dup_near_0365,duplicate_near,3
00613.jpg,训练集/00613.jpg,有漂浮物,dup_near_0366,duplicate_near,0
00614.jpg,训练集/00614.jpg,有漂浮物,dup_near_0367,duplicate_near,1
00615.jpg,训练集/00615.jpg,有漂浮物,dup_near_0368,duplicate_near,1
00616.jpg,训练集/00616.jpg,有漂浮物,dup_near_0369,duplicate_near,2
00617.jpg,训练集/00617.jpg,有漂浮物,dup_near_0370,duplicate_near,3
00618.jpg,训练集/00618.jpg,有漂浮物,dup_near_0371,duplicate_near,0
00619.jpg,训练集/00619.jpg,有漂浮物,dup_near_0372,duplicate_near,1
00620.jpg,训练集/00620.jpg,有漂浮物,dup_near_0373,duplicate_near,2
00621.jpg,训练集/00621.jpg,有漂浮物,dup_near_0374,duplicate_near,3
00622.jpg,训练集/00622.jpg,有漂浮物,dup_near_0375,duplicate_near,3
00623.jpg,训练集/00623.jpg,有漂浮物,dup_near_0376,duplicate_near,1
00624.jpg,训练集/00624.jpg,有漂浮物,dup_near_0377,duplicate_near,0
00625.jpg,训练集/00625.jpg,有漂浮物,dup_near_0378,duplicate_near,1
00626.jpg,训练集/00626.jpg,有漂浮物,dup_near_0379,duplicate_near,2
00627.jpg,训练集/00627.jpg,有漂浮物,dup_near_0380,duplicate_near,3
00628.jpg,训练集/00628.jpg,有漂浮物,dup_near_0381,duplicate_near,0
00629.jpg,训练集/00629.jpg,有漂浮物,dup_near_0382,duplicate_near,1
00630.jpg,训练集/00630.jpg,有漂浮物,dup_near_0383,duplicate_near,2
00631.jpg,训练集/00631.jpg,有漂浮物,dup_near_0384,duplicate_near,2
00632.jpg,训练集/00632.jpg,有漂浮物,dup_near_0385,duplicate_near,3
00633.jpg,训练集/00633.jpg,有漂浮物,dup_near_0386,duplicate_near,0
00634.jpg,训练集/00634.jpg,有漂浮物,dup_near_0387,duplicate_near,1
00635.jpg,训练集/00635.jpg,有漂浮物,dup_near_0388,duplicate_near,2
00636.jpg,训练集/00636.jpg,有漂浮物,dup_near_0389,duplicate_near,3
00637.jpg,训练集/00637.jpg,有漂浮物,dup_near_0388,duplicate_near,2
00638.jpg,训练集/00638.jpg,有漂浮物,dup_near_0390,duplicate_near,3
00639.jpg,训练集/00639.jpg,有漂浮物,dup_near_0391,duplicate_near,0
00640.jpg,训练集/00640.jpg,有漂浮物,dup_near_0392,duplicate_near,1
00641.jpg,训练集/00641.jpg,有漂浮物,dup_near_0392,duplicate_near,1
00642.jpg,训练集/00642.jpg,有漂浮物,dup_near_0392,duplicate_near,1
00643.jpg,训练集/00643.jpg,有漂浮物,dup_near_0393,duplicate_near,2
00644.jpg,训练集/00644.jpg,有漂浮物,dup_near_0394,duplicate_near,1
00645.jpg,训练集/00645.jpg,有漂浮物,dup_near_0395,duplicate_near,3
00646.jpg,训练集/00646.jpg,有漂浮物,dup_near_0396,duplicate_near,0
00647.jpg,训练集/00647.jpg,有漂浮物,dup_near_0397,duplicate_near,1
00648.jpg,训练集/00648.jpg,有漂浮物,dup_near_0398,duplicate_near,2
00649.jpg,训练集/00649.jpg,有漂浮物,dup_near_0399,duplicate_near,1
00650.jpg,训练集/00650.jpg,有漂浮物,dup_near_0400,duplicate_near,3
00651.jpg,训练集/00651.jpg,有漂浮物,dup_near_0401,duplicate_near,0
00652.jpg,训练集/00652.jpg,有漂浮物,dup_near_0402,duplicate_near,1
00653.jpg,训练集/00653.jpg,有漂浮物,dup_near_0403,duplicate_near,2
00654.jpg,训练集/00654.jpg,有漂浮物,dup_near_0404,duplicate_near,3
00655.jpg,训练集/00655.jpg,有漂浮物,dup_near_0405,duplicate_near,0
00656.jpg,训练集/00656.jpg,有漂浮物,dup_near_0406,duplicate_near,1
00657.jpg,训练集/00657.jpg,有漂浮物,dup_near_0407,duplicate_near,2
00658.jpg,训练集/00658.jpg,有漂浮物,dup_near_0408,duplicate_near,3
00659.jpg,训练集/00659.jpg,有漂浮物,dup_near_0409,duplicate_near,0
00660.jpg,训练集/00660.jpg,有漂浮物,dup_near_0410,duplicate_near,1
00661.jpg,训练集/00661.jpg,有漂浮物,dup_near_0411,duplicate_near,2
00662.jpg,训练集/00662.jpg,有漂浮物,dup_near_0412,duplicate_near,3
00663.jpg,训练集/00663.jpg,有漂浮物,dup_near_0413,duplicate_near,0
00664.jpg,训练集/00664.jpg,有漂浮物,dup_near_0414,duplicate_near,1
00665.jpg,训练集/00665.jpg,有漂浮物,dup_near_0415,duplicate_near,2
00666.jpg,训练集/00666.jpg,有漂浮物,dup_near_0416,duplicate_near,3
00667.jpg,训练集/00667.jpg,有漂浮物,dup_near_0417,duplicate_near,0
00668.jpg,训练集/00668.jpg,有漂浮物,dup_near_0418,duplicate_near,1
00669.jpg,训练集/00669.jpg,有漂浮物,dup_near_0419,duplicate_near,2
00670.jpg,训练集/00670.jpg,有漂浮物,dup_near_0420,duplicate_near,3
00671.jpg,训练集/00671.jpg,有漂浮物,dup_near_0421,duplicate_near,0
00672.jpg,训练集/00672.jpg,有漂浮物,dup_near_0422,duplicate_near,1
00673.jpg,训练集/00673.jpg,有漂浮物,dup_near_0422,duplicate_near,1
00674.jpg,训练集/00674.jpg,有漂浮物,dup_near_0422,duplicate_near,1
00675.jpg,训练集/00675.jpg,有漂浮物,dup_near_0423,duplicate_near,2
00676.jpg,训练集/00676.jpg,有漂浮物,dup_near_0424,duplicate_near,3
00677.jpg,训练集/00677.jpg,有漂浮物,dup_near_0425,duplicate_near,0
00678.jpg,训练集/00678.jpg,有漂浮物,dup_near_0425,duplicate_near,0
00679.jpg,训练集/00679.jpg,有漂浮物,dup_near_0426,duplicate_near,1
00680.jpg,训练集/00680.jpg,有漂浮物,dup_near_0427,duplicate_near,2
00681.jpg,训练集/00681.jpg,有漂浮物,dup_near_0427,duplicate_near,2
00682.jpg,训练集/00682.jpg,有漂浮物,dup_near_0428,duplicate_near,3
00683.jpg,训练集/00683.jpg,有漂浮物,dup_near_0429,duplicate_near,0
00684.jpg,训练集/00684.jpg,有漂浮物,dup_near_0430,duplicate_near,0
00685.jpg,训练集/00685.jpg,有漂浮物,dup_near_0431,duplicate_near,1
00686.jpg,训练集/00686.jpg,有漂浮物,dup_near_0432,duplicate_near,2
00687.jpg,训练集/00687.jpg,有漂浮物,dup_near_0433,duplicate_near,3
00688.jpg,训练集/00688.jpg,有漂浮物,dup_near_0434,duplicate_near,3
00689.jpg,训练集/00689.jpg,有漂浮物,dup_near_0435,duplicate_near,0
00690.jpg,训练集/00690.jpg,有漂浮物,dup_near_0436,duplicate_near,2
00691.jpg,训练集/00691.jpg,有漂浮物,dup_near_0437,duplicate_near,0
00692.jpg,训练集/00692.jpg,有漂浮物,dup_near_0438,duplicate_near,0
00693.jpg,训练集/00693.jpg,有漂浮物,dup_near_0439,duplicate_near,1
00694.jpg,训练集/00694.jpg,有漂浮物,dup_near_0440,duplicate_near,2
00695.jpg,训练集/00695.jpg,有漂浮物,dup_near_0441,duplicate_near,3
00696.jpg,训练集/00696.jpg,有漂浮物,dup_near_0442,duplicate_near,0
00697.jpg,训练集/00697.jpg,有漂浮物,dup_near_0443,duplicate_near,2
00698.jpg,训练集/00698.jpg,有漂浮物,dup_near_0444,duplicate_near,1
00699.jpg,训练集/00699.jpg,有漂浮物,dup_near_0445,duplicate_near,2
00700.jpg,训练集/00700.jpg,有漂浮物,dup_near_0446,duplicate_near,3
00701.jpg,训练集/00701.jpg,有漂浮物,dup_near_0446,duplicate_near,3
00702.jpg,训练集/00702.jpg,有漂浮物,dup_near_0447,duplicate_near,0
00703.jpg,训练集/00703.jpg,有漂浮物,dup_near_0448,duplicate_near,1
00704.jpg,训练集/00704.jpg,有漂浮物,dup_near_0449,duplicate_near,2
00705.jpg,训练集/00705.jpg,有漂浮物,dup_near_0450,duplicate_near,3
00706.jpg,训练集/00706.jpg,有漂浮物,dup_near_0451,duplicate_near,0
00707.jpg,训练集/00707.jpg,有漂浮物,dup_near_0452,duplicate_near,1
00708.jpg,训练集/00708.jpg,有漂浮物,dup_near_0453,duplicate_near,1
00709.jpg,训练集/00709.jpg,有漂浮物,dup_near_0454,duplicate_near,2
00710.jpg,训练集/00710.jpg,有漂浮物,dup_near_0455,duplicate_near,3
00711.jpg,训练集/00711.jpg,有漂浮物,dup_near_0456,duplicate_near,0
00712.jpg,训练集/00712.jpg,有漂浮物,dup_near_0457,duplicate_near,1
00713.jpg,训练集/00713.jpg,有漂浮物,dup_near_0458,duplicate_near,2
00714.jpg,训练集/00714.jpg,有漂浮物,dup_near_0459,duplicate_near,3
00715.jpg,训练集/00715.jpg,有漂浮物,dup_near_0460,duplicate_near,0
00716.jpg,训练集/00716.jpg,有漂浮物,dup_near_0461,duplicate_near,1
00717.jpg,训练集/00717.jpg,有漂浮物,dup_near_0462,duplicate_near,2
00718.jpg,训练集/00718.jpg,有漂浮物,dup_near_0463,duplicate_near,3
00719.jpg,训练集/00719.jpg,有漂浮物,dup_near_0464,duplicate_near,0
00720.jpg,训练集/00720.jpg,有漂浮物,dup_near_0465,duplicate_near,1
00721.jpg,训练集/00721.jpg,有漂浮物,dup_near_0466,duplicate_near,2
00722.jpg,训练集/00722.jpg,有漂浮物,dup_near_0467,duplicate_near,3
00723.jpg,训练集/00723.jpg,有漂浮物,dup_near_0468,duplicate_near,0
00724.jpg,训练集/00724.jpg,有漂浮物,dup_near_0469,duplicate_near,1
00725.jpg,训练集/00725.jpg,有漂浮物,dup_near_0470,duplicate_near,2
00726.jpg,训练集/00726.jpg,有漂浮物,dup_near_0471,duplicate_near,3
00727.jpg,训练集/00727.jpg,有漂浮物,dup_near_0472,duplicate_near,0
00728.jpg,训练集/00728.jpg,有漂浮物,dup_near_0473,duplicate_near,1
00729.jpg,训练集/00729.jpg,有漂浮物,dup_near_0474,duplicate_near,2
00730.jpg,训练集/00730.jpg,有漂浮物,dup_near_0475,duplicate_near,3
00731.jpg,训练集/00731.jpg,有漂浮物,dup_near_0476,duplicate_near,0
00732.jpg,训练集/00732.jpg,有漂浮物,dup_near_0477,duplicate_near,1
00733.jpg,训练集/00733.jpg,有漂浮物,dup_near_0478,duplicate_near,2
00734.jpg,训练集/00734.jpg,有漂浮物,dup_near_0479,duplicate_near,3
00735.jpg,训练集/00735.jpg,有漂浮物,dup_near_0480,duplicate_near,3
00736.jpg,训练集/00736.jpg,有漂浮物,dup_near_0481,duplicate_near,0
00737.jpg,训练集/00737.jpg,有漂浮物,dup_near_0482,duplicate_near,1
00738.jpg,训练集/00738.jpg,有漂浮物,dup_near_0483,duplicate_near,2
00739.jpg,训练集/00739.jpg,有漂浮物,dup_near_0484,duplicate_near,3
00740.jpg,训练集/00740.jpg,有漂浮物,dup_near_0485,duplicate_near,2
00741.jpg,训练集/00741.jpg,有漂浮物,dup_near_0486,duplicate_near,0
00742.jpg,训练集/00742.jpg,有漂浮物,dup_near_0487,duplicate_near,3
00743.jpg,训练集/00743.jpg,有漂浮物,dup_near_0488,duplicate_near,1
00744.jpg,训练集/00744.jpg,有漂浮物,dup_near_0489,duplicate_near,1
00745.jpg,训练集/00745.jpg,有漂浮物,dup_near_0490,duplicate_near,2
00746.jpg,训练集/00746.jpg,有漂浮物,dup_near_0491,duplicate_near,3
00747.jpg,训练集/00747.jpg,有漂浮物,dup_near_0492,duplicate_near,0
00748.jpg,训练集/00748.jpg,有漂浮物,dup_near_0493,duplicate_near,1
00749.jpg,训练集/00749.jpg,有漂浮物,dup_near_0494,duplicate_near,2
00750.jpg,训练集/00750.jpg,有漂浮物,dup_near_0495,duplicate_near,3
00751.jpg,训练集/00751.jpg,有漂浮物,dup_near_0496,duplicate_near,0
00752.jpg,训练集/00752.jpg,有漂浮物,dup_near_0497,duplicate_near,1
00753.jpg,训练集/00753.jpg,有漂浮物,dup_near_0498,duplicate_near,1
00754.jpg,训练集/00754.jpg,有漂浮物,dup_near_0498,duplicate_near,1
00755.jpg,训练集/00755.jpg,有漂浮物,dup_near_0499,duplicate_near,2
00756.jpg,训练集/00756.jpg,有漂浮物,dup_near_0500,duplicate_near,3
00757.jpg,训练集/00757.jpg,有漂浮物,dup_near_0501,duplicate_near,0
00758.jpg,训练集/00758.jpg,有漂浮物,dup_near_0502,duplicate_near,1
00759.jpg,训练集/00759.jpg,有漂浮物,dup_near_0503,duplicate_near,2
00760.jpg,训练集/00760.jpg,有漂浮物,dup_near_0504,duplicate_near,3
00761.jpg,训练集/00761.jpg,有漂浮物,dup_near_0505,duplicate_near,0
00762.jpg,训练集/00762.jpg,有漂浮物,dup_near_0506,duplicate_near,1
00763.jpg,训练集/00763.jpg,有漂浮物,dup_near_0507,duplicate_near,1
00764.jpg,训练集/00764.jpg,有漂浮物,dup_near_0508,duplicate_near,2
00765.jpg,训练集/00765.jpg,有漂浮物,dup_near_0509,duplicate_near,3
00766.jpg,训练集/00766.jpg,有漂浮物,dup_near_0510,duplicate_near,0
00767.jpg,训练集/00767.jpg,有漂浮物,dup_near_0511,duplicate_near,1
00768.jpg,训练集/00768.jpg,有漂浮物,dup_near_0512,duplicate_near,2
00769.jpg,训练集/00769.jpg,有漂浮物,dup_near_0513,duplicate_near,3
00770.jpg,训练集/00770.jpg,有漂浮物,dup_near_0514,duplicate_near,3
00771.jpg,训练集/00771.jpg,有漂浮物,dup_near_0515,duplicate_near,0
00772.jpg,训练集/00772.jpg,有漂浮物,dup_near_0516,duplicate_near,1
00773.jpg,训练集/00773.jpg,有漂浮物,dup_near_0517,duplicate_near,2
00774.jpg,训练集/00774.jpg,有漂浮物,dup_near_0518,duplicate_near,3
00775.jpg,训练集/00775.jpg,有漂浮物,dup_near_0519,duplicate_near,0
00776.jpg,训练集/00776.jpg,有漂浮物,dup_near_0520,duplicate_near,1
00777.jpg,训练集/00777.jpg,有漂浮物,dup_near_0521,duplicate_near,2
00778.jpg,训练集/00778.jpg,有漂浮物,dup_near_0522,duplicate_near,3
00779.jpg,训练集/00779.jpg,有漂浮物,dup_near_0523,duplicate_near,0
00780.jpg,训练集/00780.jpg,有漂浮物,dup_near_0524,duplicate_near,1
00781.jpg,训练集/00781.jpg,有漂浮物,dup_near_0525,duplicate_near,0
00782.jpg,训练集/00782.jpg,有漂浮物,dup_near_0526,duplicate_near,2
00783.jpg,训练集/00783.jpg,有漂浮物,dup_near_0527,duplicate_near,3
00784.jpg,训练集/00784.jpg,有漂浮物,dup_near_0528,duplicate_near,0
00785.jpg,训练集/00785.jpg,有漂浮物,dup_near_0529,duplicate_near,2
00786.jpg,训练集/00786.jpg,有漂浮物,dup_near_0530,duplicate_near,1
00787.jpg,训练集/00787.jpg,有漂浮物,dup_near_0531,duplicate_near,2
00788.jpg,训练集/00788.jpg,有漂浮物,dup_near_0532,duplicate_near,3
00789.jpg,训练集/00789.jpg,有漂浮物,dup_near_0533,duplicate_near,0
00790.jpg,训练集/00790.jpg,有漂浮物,dup_near_0534,duplicate_near,1
00791.jpg,训练集/00791.jpg,有漂浮物,dup_near_0535,duplicate_near,2
00792.jpg,训练集/00792.jpg,有漂浮物,dup_near_0536,duplicate_near,3
00793.jpg,训练集/00793.jpg,有漂浮物,dup_near_0537,duplicate_near,0
00794.jpg,训练集/00794.jpg,有漂浮物,dup_near_0538,duplicate_near,1
00795.jpg,训练集/00795.jpg,有漂浮物,dup_near_0539,duplicate_near,2
00796.jpg,训练集/00796.jpg,有漂浮物,dup_near_0540,duplicate_near,3
00797.jpg,训练集/00797.jpg,有漂浮物,dup_near_0541,duplicate_near,0
00798.jpg,训练集/00798.jpg,有漂浮物,dup_near_0542,duplicate_near,0
00799.jpg,训练集/00799.jpg,有漂浮物,dup_near_0543,duplicate_near,1
00800.jpg,训练集/00800.jpg,有漂浮物,dup_near_0544,duplicate_near,2
00801.jpg,训练集/00801.jpg,有漂浮物,dup_near_0545,duplicate_near,3
00802.jpg,训练集/00802.jpg,有漂浮物,dup_near_0546,duplicate_near,0
00803.jpg,训练集/00803.jpg,有漂浮物,dup_near_0547,duplicate_near,1
00804.jpg,训练集/00804.jpg,有漂浮物,dup_near_0548,duplicate_near,3
00805.jpg,训练集/00805.jpg,有漂浮物,dup_near_0549,duplicate_near,1
00806.jpg,训练集/00806.jpg,有漂浮物,dup_near_0550,duplicate_near,2
00807.jpg,训练集/00807.jpg,有漂浮物,dup_near_0551,duplicate_near,3
00808.jpg,训练集/00808.jpg,有漂浮物,dup_near_0552,duplicate_near,0
00809.jpg,训练集/00809.jpg,有漂浮物,dup_near_0553,duplicate_near,1
00810.jpg,训练集/00810.jpg,有漂浮物,dup_near_0554,duplicate_near,2
00811.jpg,训练集/00811.jpg,有漂浮物,dup_near_0555,duplicate_near,3
00812.jpg,训练集/00812.jpg,有漂浮物,dup_near_0556,duplicate_near,0
00813.jpg,训练集/00813.jpg,有漂浮物,dup_near_0557,duplicate_near,2
00814.jpg,训练集/00814.jpg,有漂浮物,dup_near_0558,duplicate_near,1
00815.jpg,训练集/00815.jpg,有漂浮物,dup_near_0559,duplicate_near,2
00816.jpg,训练集/00816.jpg,有漂浮物,dup_near_0560,duplicate_near,1
00817.jpg,训练集/00817.jpg,有漂浮物,dup_near_0561,duplicate_near,0
00818.jpg,训练集/00818.jpg,有漂浮物,dup_near_0562,duplicate_near,3
00819.jpg,训练集/00819.jpg,有漂浮物,dup_near_0563,duplicate_near,0
00820.jpg,训练集/00820.jpg,有漂浮物,dup_near_0564,duplicate_near,1
00821.jpg,训练集/00821.jpg,有漂浮物,dup_near_0565,duplicate_near,2
00822.jpg,训练集/00822.jpg,有漂浮物,dup_near_0566,duplicate_near,3
00823.jpg,训练集/00823.jpg,有漂浮物,dup_near_0567,duplicate_near,0
00824.jpg,训练集/00824.jpg,有漂浮物,dup_near_0568,duplicate_near,1
00825.jpg,训练集/00825.jpg,有漂浮物,dup_near_0568,duplicate_near,1
00826.jpg,训练集/00826.jpg,有漂浮物,dup_near_0569,duplicate_near,3
00827.jpg,训练集/00827.jpg,有漂浮物,dup_near_0570,duplicate_near,2
00828.jpg,训练集/00828.jpg,有漂浮物,dup_near_0571,duplicate_near,3
00829.jpg,训练集/00829.jpg,有漂浮物,dup_near_0572,duplicate_near,0
00830.jpg,训练集/00830.jpg,有漂浮物,dup_near_0572,duplicate_near,0
00831.jpg,训练集/00831.jpg,有漂浮物,dup_near_0572,duplicate_near,0
00832.jpg,训练集/00832.jpg,有漂浮物,dup_near_0573,duplicate_near,1
00833.jpg,训练集/00833.jpg,有漂浮物,dup_near_0573,duplicate_near,1
00834.jpg,训练集/00834.jpg,有漂浮物,dup_near_0574,duplicate_near,2
00835.jpg,训练集/00835.jpg,有漂浮物,dup_near_0575,duplicate_near,3
00836.jpg,训练集/00836.jpg,有漂浮物,dup_near_0576,duplicate_near,0
00837.jpg,训练集/00837.jpg,有漂浮物,dup_near_0577,duplicate_near,1
00838.jpg,训练集/00838.jpg,有漂浮物,dup_near_0578,duplicate_near,2
00839.jpg,训练集/00839.jpg,有漂浮物,dup_near_0579,duplicate_near,3
00840.jpg,训练集/00840.jpg,有漂浮物,dup_near_0580,duplicate_near,0
00841.jpg,训练集/00841.jpg,有漂浮物,dup_near_0581,duplicate_near,2
00842.jpg,训练集/00842.jpg,有漂浮物,dup_near_0582,duplicate_near,1
00843.jpg,训练集/00843.jpg,有漂浮物,dup_near_0583,duplicate_near,2
00844.jpg,训练集/00844.jpg,有漂浮物,dup_near_0584,duplicate_near,1
00845.jpg,训练集/00845.jpg,有漂浮物,dup_near_0585,duplicate_near,3
00846.jpg,训练集/00846.jpg,有漂浮物,dup_near_0586,duplicate_near,0
00847.jpg,训练集/00847.jpg,有漂浮物,dup_near_0587,duplicate_near,1
00848.jpg,训练集/00848.jpg,有漂浮物,dup_near_0588,duplicate_near,2
00849.jpg,训练集/00849.jpg,有漂浮物,dup_near_0589,duplicate_near,3
00850.jpg,训练集/00850.jpg,有漂浮物,dup_near_0590,duplicate_near,0
00851.jpg,训练集/00851.jpg,有漂浮物,dup_near_0591,duplicate_near,1
00852.jpg,训练集/00852.jpg,有漂浮物,dup_near_0591,duplicate_near,1
00853.jpg,训练集/00853.jpg,有漂浮物,dup_near_0592,duplicate_near,2
00854.jpg,训练集/00854.jpg,有漂浮物,dup_near_0593,duplicate_near,3
00855.jpg,训练集/00855.jpg,有漂浮物,dup_near_0594,duplicate_near,0
00856.jpg,训练集/00856.jpg,有漂浮物,dup_near_0595,duplicate_near,1
00857.jpg,训练集/00857.jpg,有漂浮物,dup_near_0596,duplicate_near,0
00858.jpg,训练集/00858.jpg,有漂浮物,dup_near_0597,duplicate_near,2
00859.jpg,训练集/00859.jpg,有漂浮物,dup_near_0598,duplicate_near,3
00860.jpg,训练集/00860.jpg,有漂浮物,dup_near_0599,duplicate_near,0
00861.jpg,训练集/00861.jpg,有漂浮物,dup_near_0600,duplicate_near,1
00862.jpg,训练集/00862.jpg,有漂浮物,dup_near_0601,duplicate_near,2
00863.jpg,训练集/00863.jpg,有漂浮物,dup_near_0602,duplicate_near,2
00864.jpg,训练集/00864.jpg,有漂浮物,dup_near_0603,duplicate_near,3
00865.jpg,训练集/00865.jpg,有漂浮物,dup_near_0604,duplicate_near,0
00866.jpg,训练集/00866.jpg,有漂浮物,dup_near_0605,duplicate_near,1
00867.jpg,训练集/00867.jpg,有漂浮物,dup_near_0606,duplicate_near,2
00868.jpg,训练集/00868.jpg,有漂浮物,dup_near_0607,duplicate_near,3
00869.jpg,训练集/00869.jpg,有漂浮物,dup_near_0608,duplicate_near,0
00870.jpg,训练集/00870.jpg,有漂浮物,dup_near_0609,duplicate_near,1
00871.jpg,训练集/00871.jpg,有漂浮物,dup_near_0610,duplicate_near,2
00872.jpg,训练集/00872.jpg,有漂浮物,dup_near_0611,duplicate_near,3
00873.jpg,训练集/00873.jpg,有漂浮物,dup_near_0612,duplicate_near,0
00874.jpg,训练集/00874.jpg,有漂浮物,dup_near_0611,duplicate_near,3
00875.jpg,训练集/00875.jpg,有漂浮物,dup_near_0613,duplicate_near,1
00876.jpg,训练集/00876.jpg,有漂浮物,dup_near_0614,duplicate_near,2
00877.jpg,训练集/00877.jpg,有漂浮物,dup_near_0615,duplicate_near,3
00878.jpg,训练集/00878.jpg,有漂浮物,dup_near_0616,duplicate_near,3
00879.jpg,训练集/00879.jpg,有漂浮物,dup_near_0615,duplicate_near,3
00880.jpg,训练集/00880.jpg,有漂浮物,dup_near_0617,duplicate_near,0
00881.jpg,训练集/00881.jpg,有漂浮物,dup_near_0618,duplicate_near,1
00882.jpg,训练集/00882.jpg,有漂浮物,dup_near_0619,duplicate_near,2
00883.jpg,训练集/00883.jpg,有漂浮物,dup_near_0620,duplicate_near,3
00884.jpg,训练集/00884.jpg,有漂浮物,dup_near_0621,duplicate_near,0
00885.jpg,训练集/00885.jpg,有漂浮物,dup_near_0622,duplicate_near,1
00886.jpg,训练集/00886.jpg,有漂浮物,dup_near_0623,duplicate_near,2
00887.jpg,训练集/00887.jpg,有漂浮物,dup_near_0624,duplicate_near,3
00888.jpg,训练集/00888.jpg,有漂浮物,dup_near_0625,duplicate_near,0
00889.jpg,训练集/00889.jpg,有漂浮物,dup_near_0626,duplicate_near,1
00890.jpg,训练集/00890.jpg,有漂浮物,dup_near_0626,duplicate_near,1
00891.jpg,训练集/00891.jpg,有漂浮物,dup_near_0627,duplicate_near,0
00892.jpg,训练集/00892.jpg,有漂浮物,dup_near_0628,duplicate_near,2
00893.jpg,训练集/00893.jpg,有漂浮物,dup_near_0628,duplicate_near,2
00894.jpg,训练集/00894.jpg,有漂浮物,dup_near_0628,duplicate_near,2
00895.jpg,训练集/00895.jpg,有漂浮物,dup_near_0628,duplicate_near,2
00896.jpg,训练集/00896.jpg,有漂浮物,dup_near_0629,duplicate_near,3
00897.jpg,训练集/00897.jpg,有漂浮物,dup_near_0630,duplicate_near,0
00898.jpg,训练集/00898.jpg,有漂浮物,dup_near_0631,duplicate_near,1
00899.jpg,训练集/00899.jpg,有漂浮物,dup_near_0632,duplicate_near,2
00900.jpg,训练集/00900.jpg,有漂浮物,dup_near_0633,duplicate_near,3
00901.jpg,训练集/00901.jpg,有漂浮物,dup_near_0634,duplicate_near,0
00902.jpg,训练集/00902.jpg,有漂浮物,dup_near_0635,duplicate_near,1
00903.jpg,训练集/00903.jpg,有漂浮物,dup_near_0636,duplicate_near,2
00904.jpg,训练集/00904.jpg,有漂浮物,dup_near_0637,duplicate_near,3
00905.jpg,训练集/00905.jpg,有漂浮物,dup_near_0638,duplicate_near,0
00906.jpg,训练集/00906.jpg,有漂浮物,dup_near_0639,duplicate_near,1
00907.jpg,训练集/00907.jpg,有漂浮物,dup_near_0640,duplicate_near,3
00908.jpg,训练集/00908.jpg,有漂浮物,dup_near_0640,duplicate_near,3
00909.jpg,训练集/00909.jpg,有漂浮物,dup_near_0641,duplicate_near,2
00910.jpg,训练集/00910.jpg,有漂浮物,dup_near_0642,duplicate_near,3
00911.jpg,训练集/00911.jpg,有漂浮物,dup_near_0643,duplicate_near,0
00912.jpg,训练集/00912.jpg,有漂浮物,dup_near_0644,duplicate_near,1
00913.jpg,训练集/00913.jpg,有漂浮物,dup_near_0645,duplicate_near,2
00914.jpg,训练集/00914.jpg,有漂浮物,dup_near_0646,duplicate_near,3
00915.jpg,训练集/00915.jpg,有漂浮物,dup_near_0647,duplicate_near,0
00916.jpg,训练集/00916.jpg,有漂浮物,dup_near_0648,duplicate_near,1
00917.jpg,训练集/00917.jpg,有漂浮物,dup_near_0649,duplicate_near,2
00918.jpg,训练集/00918.jpg,有漂浮物,dup_near_0650,duplicate_near,3
00919.jpg,训练集/00919.jpg,有漂浮物,dup_near_0651,duplicate_near,0
00920.jpg,训练集/00920.jpg,有漂浮物,dup_near_0652,duplicate_near,1
00921.jpg,训练集/00921.jpg,有漂浮物,dup_near_0653,duplicate_near,2
00922.jpg,训练集/00922.jpg,有漂浮物,dup_near_0654,duplicate_near,3
00923.jpg,训练集/00923.jpg,有漂浮物,dup_near_0655,duplicate_near,0
00924.jpg,训练集/00924.jpg,有漂浮物,dup_near_0656,duplicate_near,1
00925.jpg,训练集/00925.jpg,有漂浮物,dup_near_0657,duplicate_near,2
00926.jpg,训练集/00926.jpg,有漂浮物,dup_near_0658,duplicate_near,3
00927.jpg,训练集/00927.jpg,有漂浮物,dup_near_0657,duplicate_near,2
00928.jpg,训练集/00928.jpg,有漂浮物,dup_near_0657,duplicate_near,2
00929.jpg,训练集/00929.jpg,有漂浮物,dup_near_0657,duplicate_near,2
00930.jpg,训练集/00930.jpg,有漂浮物,dup_near_0659,duplicate_near,0
00931.jpg,训练集/00931.jpg,有漂浮物,dup_near_0660,duplicate_near,1
00932.jpg,训练集/00932.jpg,有漂浮物,dup_near_0661,duplicate_near,2
00933.jpg,训练集/00933.jpg,有漂浮物,dup_near_0662,duplicate_near,3
00934.jpg,训练集/00934.jpg,有漂浮物,dup_near_0663,duplicate_near,0
00935.jpg,训练集/00935.jpg,有漂浮物,dup_near_0664,duplicate_near,1
00936.jpg,训练集/00936.jpg,有漂浮物,dup_near_0664,duplicate_near,1
00937.jpg,训练集/00937.jpg,有漂浮物,dup_near_0665,duplicate_near,2
00938.jpg,训练集/00938.jpg,有漂浮物,dup_near_0666,duplicate_near,3
00939.jpg,训练集/00939.jpg,有漂浮物,dup_near_0667,duplicate_near,0
00940.jpg,训练集/00940.jpg,有漂浮物,dup_near_0668,duplicate_near,1
00941.jpg,训练集/00941.jpg,有漂浮物,dup_near_0669,duplicate_near,2
00942.jpg,训练集/00942.jpg,有漂浮物,dup_near_0670,duplicate_near,3
00943.jpg,训练集/00943.jpg,有漂浮物,dup_near_0671,duplicate_near,1
00944.jpg,训练集/00944.jpg,有漂浮物,dup_near_0672,duplicate_near,0
00945.jpg,训练集/00945.jpg,有漂浮物,dup_near_0672,duplicate_near,0
00946.jpg,训练集/00946.jpg,有漂浮物,dup_near_0673,duplicate_near,2
00947.jpg,训练集/00947.jpg,有漂浮物,dup_near_0674,duplicate_near,1
00948.jpg,训练集/00948.jpg,有漂浮物,dup_near_0675,duplicate_near,2
00949.jpg,训练集/00949.jpg,有漂浮物,dup_near_0676,duplicate_near,3
00950.jpg,训练集/00950.jpg,有漂浮物,dup_near_0677,duplicate_near,0
00951.jpg,训练集/00951.jpg,有漂浮物,dup_near_0678,duplicate_near,1
00952.jpg,训练集/00952.jpg,有漂浮物,dup_near_0679,duplicate_near,2
00953.jpg,训练集/00953.jpg,有漂浮物,dup_near_0680,duplicate_near,1
00954.jpg,训练集/00954.jpg,有漂浮物,dup_near_0681,duplicate_near,3
00955.jpg,训练集/00955.jpg,有漂浮物,dup_near_0682,duplicate_near,0
00956.jpg,训练集/00956.jpg,有漂浮物,dup_near_0683,duplicate_near,1
00957.jpg,训练集/00957.jpg,有漂浮物,dup_near_0684,duplicate_near,2
00958.jpg,训练集/00958.jpg,有漂浮物,dup_near_0685,duplicate_near,3
00959.jpg,训练集/00959.jpg,有漂浮物,dup_near_0686,duplicate_near,0
00960.jpg,训练集/00960.jpg,有漂浮物,dup_near_0687,duplicate_near,1
00961.jpg,训练集/00961.jpg,有漂浮物,dup_near_0688,duplicate_near,2
00962.jpg,训练集/00962.jpg,有漂浮物,dup_near_0689,duplicate_near,2
00963.jpg,训练集/00963.jpg,有漂浮物,dup_near_0690,duplicate_near,3
00964.jpg,训练集/00964.jpg,有漂浮物,dup_near_0691,duplicate_near,0
00965.jpg,训练集/00965.jpg,有漂浮物,dup_near_0691,duplicate_near,0
00966.jpg,训练集/00966.jpg,有漂浮物,dup_near_0692,duplicate_near,1
00967.jpg,训练集/00967.jpg,有漂浮物,dup_near_0693,duplicate_near,2
00968.jpg,训练集/00968.jpg,有漂浮物,dup_near_0694,duplicate_near,3
00969.jpg,训练集/00969.jpg,有漂浮物,dup_near_0695,duplicate_near,0
00970.jpg,训练集/00970.jpg,有漂浮物,dup_near_0696,duplicate_near,3
00971.jpg,训练集/00971.jpg,有漂浮物,dup_near_0697,duplicate_near,1
00972.jpg,训练集/00972.jpg,有漂浮物,dup_near_0698,duplicate_near,2
00973.jpg,训练集/00973.jpg,有漂浮物,dup_near_0699,duplicate_near,3
00974.jpg,训练集/00974.jpg,有漂浮物,dup_near_0700,duplicate_near,0
00975.jpg,训练集/00975.jpg,有漂浮物,dup_near_0701,duplicate_near,1
00976.jpg,训练集/00976.jpg,有漂浮物,dup_near_0702,duplicate_near,2
00977.jpg,训练集/00977.jpg,有漂浮物,dup_near_0703,duplicate_near,2
00978.jpg,训练集/00978.jpg,有漂浮物,dup_near_0704,duplicate_near,3
00979.jpg,训练集/00979.jpg,有漂浮物,dup_near_0705,duplicate_near,0
00980.jpg,训练集/00980.jpg,有漂浮物,dup_near_0706,duplicate_near,2
00981.jpg,训练集/00981.jpg,有漂浮物,dup_near_0707,duplicate_near,1
00982.jpg,训练集/00982.jpg,有漂浮物,dup_near_0708,duplicate_near,0
00983.jpg,训练集/00983.jpg,有漂浮物,dup_near_0709,duplicate_near,2
00984.jpg,训练集/00984.jpg,有漂浮物,dup_near_0710,duplicate_near,0
00985.jpg,训练集/00985.jpg,有漂浮物,dup_near_0711,duplicate_near,3
00986.jpg,训练集/00986.jpg,有漂浮物,dup_near_0712,duplicate_near,0
00987.jpg,训练集/00987.jpg,有漂浮物,dup_near_0713,duplicate_near,0
00988.jpg,训练集/00988.jpg,有漂浮物,dup_near_0714,duplicate_near,1
00989.jpg,训练集/00989.jpg,有漂浮物,dup_near_0715,duplicate_near,2
00990.jpg,训练集/00990.jpg,有漂浮物,dup_near_0716,duplicate_near,1
00991.jpg,训练集/00991.jpg,有漂浮物,dup_near_0717,duplicate_near,3
00992.jpg,训练集/00992.jpg,有漂浮物,dup_near_0718,duplicate_near,2
00993.jpg,训练集/00993.jpg,有漂浮物,dup_near_0719,duplicate_near,0
00994.jpg,训练集/00994.jpg,有漂浮物,dup_near_0720,duplicate_near,1
00995.jpg,训练集/00995.jpg,有漂浮物,dup_near_0721,duplicate_near,1
00996.jpg,训练集/00996.jpg,有漂浮物,dup_near_0722,duplicate_near,2
00997.jpg,训练集/00997.jpg,有漂浮物,dup_near_0723,duplicate_near,3
00998.jpg,训练集/00998.jpg,有漂浮物,dup_near_0724,duplicate_near,3
00999.jpg,训练集/00999.jpg,有漂浮物,dup_near_0725,duplicate_near,3
01000.jpg,训练集/01000.jpg,有漂浮物,dup_near_0726,duplicate_near,3
01001.jpg,训练集/01001.jpg,有漂浮物,dup_near_0727,duplicate_near,0
01002.jpg,训练集/01002.jpg,有漂浮物,dup_near_0728,duplicate_near,1
01003.jpg,训练集/01003.jpg,有漂浮物,dup_near_0729,duplicate_near,2
01004.jpg,训练集/01004.jpg,有漂浮物,dup_near_0730,duplicate_near,0
01005.jpg,训练集/01005.jpg,有漂浮物,dup_near_0731,duplicate_near,3
01006.jpg,训练集/01006.jpg,有漂浮物,dup_near_0732,duplicate_near,0
01007.jpg,训练集/01007.jpg,有漂浮物,dup_near_0733,duplicate_near,1
01008.jpg,训练集/01008.jpg,有漂浮物,dup_near_0734,duplicate_near,2
01009.jpg,训练集/01009.jpg,有漂浮物,dup_near_0735,duplicate_near,3
01010.jpg,训练集/01010.jpg,有漂浮物,dup_near_0736,duplicate_near,2
01011.jpg,训练集/01011.jpg,有漂浮物,dup_near_0737,duplicate_near,0
01012.jpg,训练集/01012.jpg,有漂浮物,dup_near_0738,duplicate_near,1
01013.jpg,训练集/01013.jpg,有漂浮物,dup_near_0739,duplicate_near,2
01014.jpg,训练集/01014.jpg,有漂浮物,dup_near_0740,duplicate_near,3
01015.jpg,训练集/01015.jpg,有漂浮物,dup_near_0741,duplicate_near,0
01016.jpg,训练集/01016.jpg,有漂浮物,dup_near_0742,duplicate_near,1
01017.jpg,训练集/01017.jpg,有漂浮物,dup_near_0743,duplicate_near,2
01018.jpg,训练集/01018.jpg,有漂浮物,dup_near_0744,duplicate_near,3
01019.jpg,训练集/01019.jpg,有漂浮物,dup_near_0745,duplicate_near,0
01020.jpg,训练集/01020.jpg,有漂浮物,dup_near_0746,duplicate_near,1
01021.jpg,训练集/01021.jpg,有漂浮物,dup_near_0747,duplicate_near,3
01022.jpg,训练集/01022.jpg,有漂浮物,dup_near_0748,duplicate_near,2
01023.jpg,训练集/01023.jpg,有漂浮物,dup_near_0749,duplicate_near,3
01024.jpg,训练集/01024.jpg,有漂浮物,dup_near_0750,duplicate_near,0
01025.jpg,训练集/01025.jpg,有漂浮物,dup_near_0751,duplicate_near,1
01026.jpg,训练集/01026.jpg,有漂浮物,dup_near_0752,duplicate_near,0
01027.jpg,训练集/01027.jpg,有漂浮物,dup_near_0753,duplicate_near,2
01028.jpg,训练集/01028.jpg,有漂浮物,dup_near_0754,duplicate_near,3
01029.jpg,训练集/01029.jpg,有漂浮物,dup_near_0755,duplicate_near,0
01030.jpg,训练集/01030.jpg,有漂浮物,dup_near_0756,duplicate_near,1
01031.jpg,训练集/01031.jpg,有漂浮物,dup_near_0757,duplicate_near,2
01032.jpg,训练集/01032.jpg,有漂浮物,dup_near_0758,duplicate_near,3
01033.jpg,训练集/01033.jpg,有漂浮物,dup_near_0759,duplicate_near,0
01034.jpg,训练集/01034.jpg,有漂浮物,dup_near_0760,duplicate_near,1
01035.jpg,训练集/01035.jpg,有漂浮物,dup_near_0761,duplicate_near,2
01036.jpg,训练集/01036.jpg,有漂浮物,dup_near_0762,duplicate_near,3
01037.jpg,训练集/01037.jpg,有漂浮物,dup_near_0763,duplicate_near,0
01038.jpg,训练集/01038.jpg,有漂浮物,dup_near_0764,duplicate_near,3
01039.jpg,训练集/01039.jpg,有漂浮物,dup_near_0765,duplicate_near,1
01040.jpg,训练集/01040.jpg,有漂浮物,dup_near_0766,duplicate_near,2
01041.jpg,训练集/01041.jpg,有漂浮物,dup_near_0767,duplicate_near,3
01042.jpg,训练集/01042.jpg,有漂浮物,dup_near_0768,duplicate_near,0
01043.jpg,训练集/01043.jpg,有漂浮物,dup_near_0769,duplicate_near,1
01044.jpg,训练集/01044.jpg,有漂浮物,dup_near_0770,duplicate_near,2
01045.jpg,训练集/01045.jpg,有漂浮物,dup_near_0771,duplicate_near,3
01046.jpg,训练集/01046.jpg,有漂浮物,dup_near_0772,duplicate_near,0
01047.jpg,训练集/01047.jpg,有漂浮物,dup_near_0773,duplicate_near,1
01048.jpg,训练集/01048.jpg,有漂浮物,dup_near_0774,duplicate_near,2
01049.jpg,训练集/01049.jpg,有漂浮物,dup_near_0775,duplicate_near,3
01050.jpg,训练集/01050.jpg,有漂浮物,dup_near_0776,duplicate_near,0
01051.jpg,训练集/01051.jpg,有漂浮物,dup_near_0777,duplicate_near,1
01052.jpg,训练集/01052.jpg,有漂浮物,dup_near_0778,duplicate_near,0
01053.jpg,训练集/01053.jpg,有漂浮物,dup_near_0779,duplicate_near,1
01054.jpg,训练集/01054.jpg,有漂浮物,dup_near_0780,duplicate_near,2
01055.jpg,训练集/01055.jpg,有漂浮物,dup_near_0781,duplicate_near,3
01056.jpg,训练集/01056.jpg,有漂浮物,dup_near_0782,duplicate_near,0
01057.jpg,训练集/01057.jpg,有漂浮物,dup_near_0783,duplicate_near,1
01058.jpg,训练集/01058.jpg,有漂浮物,dup_near_0784,duplicate_near,2
01059.jpg,训练集/01059.jpg,有漂浮物,dup_near_0785,duplicate_near,3
01060.jpg,训练集/01060.jpg,有漂浮物,dup_near_0786,duplicate_near,0
01061.jpg,训练集/01061.jpg,有漂浮物,dup_near_0787,duplicate_near,2
01062.jpg,训练集/01062.jpg,有漂浮物,dup_near_0788,duplicate_near,1
01063.jpg,训练集/01063.jpg,有漂浮物,dup_near_0789,duplicate_near,2
01064.jpg,训练集/01064.jpg,有漂浮物,dup_near_0790,duplicate_near,3
01065.jpg,训练集/01065.jpg,有漂浮物,dup_near_0791,duplicate_near,0
01066.jpg,训练集/01066.jpg,有漂浮物,dup_near_0792,duplicate_near,1
01067.jpg,训练集/01067.jpg,有漂浮物,dup_near_0793,duplicate_near,2
01068.jpg,训练集/01068.jpg,有漂浮物,dup_near_0794,duplicate_near,3
01069.jpg,训练集/01069.jpg,有漂浮物,dup_near_0795,duplicate_near,0
01070.jpg,训练集/01070.jpg,有漂浮物,dup_near_0796,duplicate_near,1
01071.jpg,训练集/01071.jpg,有漂浮物,dup_near_0797,duplicate_near,2
01072.jpg,训练集/01072.jpg,有漂浮物,dup_near_0798,duplicate_near,3
01073.jpg,训练集/01073.jpg,有漂浮物,dup_near_0799,duplicate_near,1
01074.jpg,训练集/01074.jpg,有漂浮物,dup_near_0800,duplicate_near,0
01075.jpg,训练集/01075.jpg,有漂浮物,dup_near_0801,duplicate_near,1
01076.jpg,训练集/01076.jpg,有漂浮物,dup_near_0802,duplicate_near,2
01077.jpg,训练集/01077.jpg,有漂浮物,dup_near_0803,duplicate_near,2
01078.jpg,训练集/01078.jpg,有漂浮物,dup_near_0804,duplicate_near,3
01079.jpg,训练集/01079.jpg,有漂浮物,dup_near_0805,duplicate_near,0
01080.jpg,训练集/01080.jpg,有漂浮物,dup_near_0806,duplicate_near,1
01081.jpg,训练集/01081.jpg,有漂浮物,dup_near_0807,duplicate_near,2
01082.jpg,训练集/01082.jpg,有漂浮物,dup_near_0808,duplicate_near,3
01083.jpg,训练集/01083.jpg,有漂浮物,dup_near_0809,duplicate_near,0
01084.jpg,训练集/01084.jpg,有漂浮物,dup_near_0810,duplicate_near,1
01085.jpg,训练集/01085.jpg,有漂浮物,dup_near_0811,duplicate_near,1
01086.jpg,训练集/01086.jpg,正常,dup_near_0812,duplicate_near,3
01087.jpg,训练集/01087.jpg,有漂浮物,dup_near_0813,duplicate_near,2
01088.jpg,训练集/01088.jpg,有漂浮物,dup_near_0814,duplicate_near,2
01089.jpg,训练集/01089.jpg,有漂浮物,dup_near_0815,duplicate_near,3
01090.jpg,训练集/01090.jpg,有漂浮物,dup_near_0816,duplicate_near,3
01091.jpg,训练集/01091.jpg,有漂浮物,dup_near_0817,duplicate_near,0
01092.jpg,训练集/01092.jpg,有漂浮物,dup_near_0818,duplicate_near,1
01093.jpg,训练集/01093.jpg,有漂浮物,dup_near_0819,duplicate_near,2
01094.jpg,训练集/01094.jpg,有漂浮物,dup_near_0820,duplicate_near,3
01095.jpg,训练集/01095.jpg,有漂浮物,dup_near_0821,duplicate_near,0
01096.jpg,训练集/01096.jpg,有漂浮物,dup_near_0822,duplicate_near,1
01097.jpg,训练集/01097.jpg,有漂浮物,dup_near_0823,duplicate_near,2
01098.jpg,训练集/01098.jpg,有漂浮物,dup_near_0824,duplicate_near,2
01099.jpg,训练集/01099.jpg,有漂浮物,dup_near_0825,duplicate_near,3
01100.jpg,训练集/01100.jpg,有漂浮物,dup_near_0826,duplicate_near,0
01101.jpg,训练集/01101.jpg,有漂浮物,dup_near_0827,duplicate_near,0
01102.jpg,训练集/01102.jpg,有漂浮物,dup_near_0828,duplicate_near,1
01103.jpg,训练集/01103.jpg,有漂浮物,dup_near_0829,duplicate_near,1
01104.jpg,训练集/01104.jpg,有漂浮物,dup_near_0830,duplicate_near,2
01105.jpg,训练集/01105.jpg,有漂浮物,dup_near_0831,duplicate_near,3
01106.jpg,训练集/01106.jpg,有漂浮物,dup_near_0832,duplicate_near,0
01107.jpg,训练集/01107.jpg,有漂浮物,dup_near_0833,duplicate_near,1
01108.jpg,训练集/01108.jpg,有漂浮物,dup_near_0834,duplicate_near,0
01109.jpg,训练集/01109.jpg,有漂浮物,dup_near_0835,duplicate_near,2
01110.jpg,训练集/01110.jpg,有漂浮物,dup_near_0835,duplicate_near,2
01111.jpg,训练集/01111.jpg,有漂浮物,dup_near_0836,duplicate_near,3
01112.jpg,训练集/01112.jpg,有漂浮物,dup_near_0835,duplicate_near,2
01113.jpg,训练集/01113.jpg,有漂浮物,dup_near_0837,duplicate_near,0
01114.jpg,训练集/01114.jpg,有漂浮物,dup_near_0837,duplicate_near,0
01115.jpg,训练集/01115.jpg,有漂浮物,dup_near_0838,duplicate_near,1
01116.jpg,训练集/01116.jpg,有漂浮物,dup_near_0839,duplicate_near,2
01117.jpg,训练集/01117.jpg,有漂浮物,dup_near_0840,duplicate_near,3
01118.jpg,训练集/01118.jpg,有漂浮物,dup_near_0841,duplicate_near,0
01119.jpg,训练集/01119.jpg,有漂浮物,dup_near_0842,duplicate_near,0
01120.jpg,训练集/01120.jpg,有漂浮物,dup_near_0843,duplicate_near,2
01121.jpg,训练集/01121.jpg,有漂浮物,dup_near_0844,duplicate_near,1
01122.jpg,训练集/01122.jpg,有漂浮物,dup_near_0845,duplicate_near,1
01123.jpg,训练集/01123.jpg,有漂浮物,dup_near_0846,duplicate_near,2
01124.jpg,训练集/01124.jpg,有漂浮物,dup_near_0847,duplicate_near,3
01125.jpg,训练集/01125.jpg,有漂浮物,dup_near_0848,duplicate_near,0
01126.jpg,训练集/01126.jpg,有漂浮物,dup_near_0849,duplicate_near,1
01127.jpg,训练集/01127.jpg,有漂浮物,dup_near_0849,duplicate_near,1
01128.jpg,训练集/01128.jpg,有漂浮物,dup_near_0850,duplicate_near,2
01129.jpg,训练集/01129.jpg,有漂浮物,dup_near_0849,duplicate_near,1
01130.jpg,训练集/01130.jpg,有漂浮物,dup_near_0851,duplicate_near,3
01131.jpg,训练集/01131.jpg,有漂浮物,dup_near_0852,duplicate_near,3
01132.jpg,训练集/01132.jpg,有漂浮物,dup_near_0853,duplicate_near,0
01133.jpg,训练集/01133.jpg,有漂浮物,dup_near_0854,duplicate_near,1
01134.jpg,训练集/01134.jpg,有漂浮物,dup_near_0855,duplicate_near,2
01135.jpg,训练集/01135.jpg,有漂浮物,dup_near_0856,duplicate_near,3
01136.jpg,训练集/01136.jpg,有漂浮物,dup_near_0857,duplicate_near,0
01137.jpg,训练集/01137.jpg,有漂浮物,dup_near_0858,duplicate_near,1
01138.jpg,训练集/01138.jpg,有漂浮物,dup_near_0859,duplicate_near,2
01139.jpg,训练集/01139.jpg,有漂浮物,dup_near_0860,duplicate_near,2
01140.jpg,训练集/01140.jpg,有漂浮物,dup_near_0861,duplicate_near,3
01141.jpg,训练集/01141.jpg,有漂浮物,dup_near_0862,duplicate_near,0
01142.jpg,训练集/01142.jpg,有漂浮物,dup_near_0863,duplicate_near,1
01143.jpg,训练集/01143.jpg,有漂浮物,dup_near_0864,duplicate_near,2
01144.jpg,训练集/01144.jpg,有漂浮物,dup_near_0865,duplicate_near,3
01145.jpg,训练集/01145.jpg,有漂浮物,dup_near_0866,duplicate_near,0
01146.jpg,训练集/01146.jpg,有漂浮物,dup_near_0866,duplicate_near,0
01147.jpg,训练集/01147.jpg,有漂浮物,dup_near_0866,duplicate_near,0
01148.jpg,训练集/01148.jpg,有漂浮物,dup_near_0867,duplicate_near,1
01149.jpg,训练集/01149.jpg,有漂浮物,dup_near_0867,duplicate_near,1
01150.jpg,训练集/01150.jpg,有漂浮物,dup_near_0868,duplicate_near,2
01151.jpg,训练集/01151.jpg,有漂浮物,dup_near_0869,duplicate_near,3
01152.jpg,训练集/01152.jpg,有漂浮物,dup_near_0870,duplicate_near,3
01153.jpg,训练集/01153.jpg,有漂浮物,dup_near_0871,duplicate_near,0
01154.jpg,训练集/01154.jpg,有漂浮物,dup_near_0872,duplicate_near,1
01155.jpg,训练集/01155.jpg,有漂浮物,dup_near_0873,duplicate_near,2
01156.jpg,训练集/01156.jpg,有漂浮物,dup_near_0874,duplicate_near,3
01157.jpg,训练集/01157.jpg,有漂浮物,dup_near_0875,duplicate_near,0
01158.jpg,训练集/01158.jpg,有漂浮物,dup_near_0876,duplicate_near,3
01159.jpg,训练集/01159.jpg,有漂浮物,dup_near_0877,duplicate_near,1
01160.jpg,训练集/01160.jpg,有漂浮物,dup_near_0878,duplicate_near,2
01161.jpg,训练集/01161.jpg,有漂浮物,dup_near_0879,duplicate_near,0
01162.jpg,训练集/01162.jpg,有漂浮物,dup_near_0880,duplicate_near,3
01163.jpg,训练集/01163.jpg,有漂浮物,dup_near_0881,duplicate_near,0
01164.jpg,训练集/01164.jpg,有漂浮物,dup_near_0882,duplicate_near,1
01165.jpg,训练集/01165.jpg,有漂浮物,dup_near_0883,duplicate_near,2
01166.jpg,训练集/01166.jpg,有漂浮物,dup_near_0884,duplicate_near,3
01167.jpg,训练集/01167.jpg,有漂浮物,dup_near_0885,duplicate_near,0
01168.jpg,训练集/01168.jpg,有漂浮物,dup_near_0886,duplicate_near,1
01169.jpg,训练集/01169.jpg,有漂浮物,dup_near_0887,duplicate_near,2
01170.jpg,训练集/01170.jpg,有漂浮物,dup_near_0888,duplicate_near,3
01171.jpg,训练集/01171.jpg,有漂浮物,dup_near_0889,duplicate_near,0
01172.jpg,训练集/01172.jpg,有漂浮物,dup_near_0890,duplicate_near,1
01173.jpg,训练集/01173.jpg,有漂浮物,dup_near_0891,duplicate_near,2
01174.jpg,训练集/01174.jpg,有漂浮物,dup_near_0892,duplicate_near,1
01175.jpg,训练集/01175.jpg,有漂浮物,dup_near_0893,duplicate_near,3
01176.jpg,训练集/01176.jpg,有漂浮物,dup_near_0894,duplicate_near,0
01177.jpg,训练集/01177.jpg,有漂浮物,dup_near_0895,duplicate_near,1
01178.jpg,训练集/01178.jpg,有漂浮物,dup_near_0896,duplicate_near,2
01179.jpg,训练集/01179.jpg,有漂浮物,dup_near_0897,duplicate_near,3
01180.jpg,训练集/01180.jpg,有漂浮物,dup_near_0898,duplicate_near,0
01181.jpg,训练集/01181.jpg,有漂浮物,dup_near_0899,duplicate_near,0
01182.jpg,训练集/01182.jpg,有漂浮物,dup_near_0900,duplicate_near,1
01183.jpg,训练集/01183.jpg,有漂浮物,dup_near_0901,duplicate_near,2
01184.jpg,训练集/01184.jpg,有漂浮物,dup_near_0902,duplicate_near,3
01185.jpg,训练集/01185.jpg,有漂浮物,dup_near_0903,duplicate_near,0
01186.jpg,训练集/01186.jpg,有漂浮物,dup_near_0904,duplicate_near,1
01187.jpg,训练集/01187.jpg,有漂浮物,dup_near_0905,duplicate_near,2
01188.jpg,训练集/01188.jpg,有漂浮物,dup_near_0906,duplicate_near,3
01189.jpg,训练集/01189.jpg,有漂浮物,dup_near_0907,duplicate_near,0
01190.jpg,训练集/01190.jpg,有漂浮物,dup_near_0908,duplicate_near,1
01191.jpg,训练集/01191.jpg,有漂浮物,dup_near_0909,duplicate_near,2
01192.jpg,训练集/01192.jpg,有漂浮物,dup_near_0910,duplicate_near,3
01193.jpg,训练集/01193.jpg,有漂浮物,dup_near_0911,duplicate_near,0
01194.jpg,训练集/01194.jpg,有漂浮物,dup_near_0912,duplicate_near,1
01195.jpg,训练集/01195.jpg,有漂浮物,dup_near_0913,duplicate_near,2
01196.jpg,训练集/01196.jpg,有漂浮物,dup_near_0914,duplicate_near,3
01197.jpg,训练集/01197.jpg,有漂浮物,dup_near_0915,duplicate_near,0
01198.jpg,训练集/01198.jpg,有漂浮物,dup_near_0916,duplicate_near,3
01199.jpg,训练集/01199.jpg,有漂浮物,dup_near_0917,duplicate_near,1
01200.jpg,训练集/01200.jpg,有漂浮物,dup_near_0918,duplicate_near,0
01201.jpg,训练集/01201.jpg,有漂浮物,dup_near_0919,duplicate_near,2
01202.jpg,训练集/01202.jpg,有漂浮物,dup_near_0920,duplicate_near,3
01203.jpg,训练集/01203.jpg,有漂浮物,dup_near_0921,duplicate_near,0
01204.jpg,训练集/01204.jpg,有漂浮物,dup_near_0922,duplicate_near,1
01205.jpg,训练集/01205.jpg,有漂浮物,dup_near_0923,duplicate_near,2
01206.jpg,训练集/01206.jpg,有漂浮物,dup_near_0924,duplicate_near,3
01207.jpg,训练集/01207.jpg,有漂浮物,dup_near_0925,duplicate_near,0
01208.jpg,训练集/01208.jpg,有漂浮物,dup_near_0926,duplicate_near,1
01209.jpg,训练集/01209.jpg,有漂浮物,dup_near_0927,duplicate_near,2
01210.jpg,训练集/01210.jpg,有漂浮物,dup_near_0928,duplicate_near,2
01211.jpg,训练集/01211.jpg,有漂浮物,dup_near_0928,duplicate_near,2
01212.jpg,训练集/01212.jpg,有漂浮物,dup_near_0929,duplicate_near,3
01213.jpg,训练集/01213.jpg,有漂浮物,dup_near_0930,duplicate_near,0
01214.jpg,训练集/01214.jpg,有漂浮物,dup_near_0931,duplicate_near,1
01215.jpg,训练集/01215.jpg,有漂浮物,dup_near_0932,duplicate_near,2
01216.jpg,训练集/01216.jpg,有漂浮物,dup_near_0932,duplicate_near,2
01217.jpg,训练集/01217.jpg,有漂浮物,dup_near_0933,duplicate_near,1
01218.jpg,训练集/01218.jpg,有漂浮物,dup_near_0934,duplicate_near,3
01219.jpg,训练集/01219.jpg,有漂浮物,dup_near_0935,duplicate_near,2
01220.jpg,训练集/01220.jpg,有漂浮物,dup_near_0936,duplicate_near,0
01221.jpg,训练集/01221.jpg,有漂浮物,dup_near_0937,duplicate_near,1
01222.jpg,训练集/01222.jpg,有漂浮物,dup_near_0938,duplicate_near,0
01223.jpg,训练集/01223.jpg,有漂浮物,dup_near_0939,duplicate_near,2
01224.jpg,训练集/01224.jpg,有漂浮物,dup_near_0940,duplicate_near,3
01225.jpg,训练集/01225.jpg,有漂浮物,dup_near_0941,duplicate_near,0
01226.jpg,训练集/01226.jpg,有漂浮物,dup_near_0942,duplicate_near,0
01227.jpg,训练集/01227.jpg,有漂浮物,dup_near_0941,duplicate_near,0
01228.jpg,训练集/01228.jpg,有漂浮物,dup_near_0941,duplicate_near,0
01229.jpg,训练集/01229.jpg,有漂浮物,dup_near_0943,duplicate_near,1
01230.jpg,训练集/01230.jpg,有漂浮物,dup_near_0944,duplicate_near,2
01231.jpg,训练集/01231.jpg,有漂浮物,dup_near_0945,duplicate_near,3
01232.jpg,训练集/01232.jpg,有漂浮物,dup_near_0946,duplicate_near,0
01233.jpg,训练集/01233.jpg,有漂浮物,dup_near_0945,duplicate_near,3
01234.jpg,训练集/01234.jpg,有漂浮物,dup_near_0947,duplicate_near,1
01235.jpg,训练集/01235.jpg,有漂浮物,dup_near_0948,duplicate_near,2
01236.jpg,训练集/01236.jpg,有漂浮物,dup_near_0949,duplicate_near,1
01237.jpg,训练集/01237.jpg,有漂浮物,dup_near_0950,duplicate_near,1
01238.jpg,训练集/01238.jpg,有漂浮物,dup_near_0951,duplicate_near,3
01239.jpg,训练集/01239.jpg,有漂浮物,dup_near_0952,duplicate_near,0
01240.jpg,训练集/01240.jpg,有漂浮物,dup_near_0953,duplicate_near,1
01241.jpg,训练集/01241.jpg,有漂浮物,dup_near_0954,duplicate_near,2
01242.jpg,训练集/01242.jpg,有漂浮物,dup_near_0955,duplicate_near,3
01243.jpg,训练集/01243.jpg,有漂浮物,dup_near_0956,duplicate_near,0
02043.jpg,训练集/02043.jpg,乱占,dup_near_0957,duplicate_near,1
02044.jpg,训练集/02044.jpg,乱占,dup_near_0958,duplicate_near,2
02045.jpg,训练集/02045.jpg,乱占,dup_near_0959,duplicate_near,2
02046.jpg,训练集/02046.jpg,乱占,dup_near_0960,duplicate_near,3
02047.jpg,训练集/02047.jpg,乱占,dup_near_0961,duplicate_near,2
02048.jpg,训练集/02048.jpg,乱占,dup_near_0962,duplicate_near,0
02049.jpg,训练集/02049.jpg,乱占,dup_near_0963,duplicate_near,1
02050.jpg,训练集/02050.jpg,乱占,dup_near_0964,duplicate_near,2
02051.jpg,训练集/02051.jpg,乱占,dup_near_0965,duplicate_near,3
02052.jpg,训练集/02052.jpg,乱采,dup_near_0966,duplicate_near,3
02053.jpg,训练集/02053.jpg,乱采,dup_near_0967,duplicate_near,0
02054.jpg,训练集/02054.jpg,乱采,dup_near_0968,duplicate_near,0
02055.jpg,训练集/02055.jpg,乱采,dup_near_0969,duplicate_near,1
02056.jpg,训练集/02056.jpg,乱采,dup_near_0970,duplicate_near,1
02057.jpg,训练集/02057.jpg,乱采,dup_near_0971,duplicate_near,2
02058.jpg,训练集/02058.jpg,乱占,dup_near_0972,duplicate_near,3
02059.jpg,训练集/02059.jpg,乱占,dup_near_0973,duplicate_near,0
02060.jpg,训练集/02060.jpg,乱堆,dup_near_0974,duplicate_near,1
02061.jpg,训练集/02061.jpg,乱堆,dup_near_0975,duplicate_near,2
02062.jpg,训练集/02062.jpg,乱占,dup_near_0976,duplicate_near,3
02063.jpg,训练集/02063.jpg,乱采,dup_near_0977,duplicate_near,0
02064.jpg,训练集/02064.jpg,乱采,dup_near_0978,duplicate_near,1
02065.jpg,训练集/02065.jpg,乱采,dup_near_0979,duplicate_near,2
02066.jpg,训练集/02066.jpg,乱采,dup_near_0980,duplicate_near,3
02067.jpg,训练集/02067.jpg,乱采,dup_near_0981,duplicate_near,0
02068.jpg,训练集/02068.jpg,乱采,dup_near_0982,duplicate_near,1
02069.jpg,训练集/02069.jpg,乱采,dup_near_0983,duplicate_near,2
02070.jpg,训练集/02070.jpg,乱采,dup_near_0984,duplicate_near,3
02071.jpg,训练集/02071.jpg,乱采,dup_near_0985,duplicate_near,0
02072.jpg,训练集/02072.jpg,乱占,dup_near_0986,duplicate_near,1
02073.jpg,训练集/02073.jpg,乱占,dup_near_0987,duplicate_near,2
02074.jpg,训练集/02074.jpg,乱占,dup_near_0988,duplicate_near,3
02075.jpg,训练集/02075.jpg,乱占,dup_near_0989,duplicate_near,0
02076.jpg,训练集/02076.jpg,乱占,dup_near_0990,duplicate_near,1
02077.jpg,训练集/02077.jpg,乱占,dup_near_0991,duplicate_near,2
02078.jpg,训练集/02078.jpg,乱占,dup_near_0992,duplicate_near,3
02079.jpg,训练集/02079.jpg,乱占,dup_near_0993,duplicate_near,0
02080.jpg,训练集/02080.jpg,乱占,dup_near_0994,duplicate_near,1
02081.jpg,训练集/02081.jpg,乱占,dup_near_0995,duplicate_near,2
02082.jpg,训练集/02082.jpg,乱占,dup_near_0996,duplicate_near,3
02083.jpg,训练集/02083.jpg,乱占,dup_near_0997,duplicate_near,2
02084.jpg,训练集/02084.jpg,乱占,dup_near_0998,duplicate_near,3
02085.jpg,训练集/02085.jpg,乱占,dup_near_0999,duplicate_near,0
02086.jpg,训练集/02086.jpg,乱占,dup_near_0999,duplicate_near,0
02087.jpg,训练集/02087.jpg,乱占,dup_near_1000,duplicate_near,1
02088.jpg,训练集/02088.jpg,乱占,dup_near_1001,duplicate_near,2
02089.jpg,训练集/02089.jpg,乱占,dup_near_1002,duplicate_near,3
02090.jpg,训练集/02090.jpg,乱占,dup_near_1003,duplicate_near,0
02091.jpg,训练集/02091.jpg,乱占,dup_near_1004,duplicate_near,1
02092.jpg,训练集/02092.jpg,乱采,dup_near_1005,duplicate_near,2
02093.jpg,训练集/02093.jpg,乱采,dup_near_1006,duplicate_near,3
02094.jpg,训练集/02094.jpg,乱采,dup_near_1007,duplicate_near,0
02095.jpg,训练集/02095.jpg,乱采,dup_near_1008,duplicate_near,1
02096.jpg,训练集/02096.jpg,乱采,dup_near_1009,duplicate_near,2
02097.jpg,训练集/02097.jpg,乱堆,dup_near_1010,duplicate_near,3
02098.jpg,训练集/02098.jpg,乱堆,dup_near_1011,duplicate_near,0
02099.jpg,训练集/02099.jpg,乱堆,dup_near_1012,duplicate_near,1
02100.jpg,训练集/02100.jpg,乱堆,dup_near_1013,duplicate_near,0
02101.jpg,训练集/02101.jpg,乱堆,dup_near_1014,duplicate_near,1
02102.jpg,训练集/02102.jpg,乱堆,dup_near_1015,duplicate_near,2
02103.jpg,训练集/02103.jpg,乱堆,dup_near_1016,duplicate_near,3
02104.jpg,训练集/02104.jpg,乱堆,dup_near_1017,duplicate_near,0
02105.jpg,训练集/02105.jpg,乱堆,dup_near_1018,duplicate_near,1
02106.jpg,训练集/02106.jpg,乱堆,dup_near_1019,duplicate_near,2
02107.jpg,训练集/02107.jpg,乱堆,dup_near_1020,duplicate_near,3
02108.jpg,训练集/02108.jpg,乱堆,dup_near_1021,duplicate_near,0
02109.jpg,训练集/02109.jpg,乱堆,dup_near_1022,duplicate_near,3
02110.jpg,训练集/02110.jpg,乱堆,dup_near_1023,duplicate_near,1
02111.jpg,训练集/02111.jpg,正常,dup_near_1024,duplicate_near,2
02112.jpg,训练集/02112.jpg,乱占,dup_near_1025,duplicate_near,2
02113.jpg,训练集/02113.jpg,乱占,dup_near_1026,duplicate_near,3
02114.jpg,训练集/02114.jpg,乱占,dup_near_1027,duplicate_near,0
02115.jpg,训练集/02115.jpg,乱占,dup_near_1028,duplicate_near,1
02116.jpg,训练集/02116.jpg,乱占,dup_near_1029,duplicate_near,2
02117.jpg,训练集/02117.jpg,乱占,dup_near_1030,duplicate_near,3
02118.jpg,训练集/02118.jpg,乱占,dup_near_1031,duplicate_near,0
02119.jpg,训练集/02119.jpg,乱占,dup_near_1031,duplicate_near,0
02120.jpg,训练集/02120.jpg,乱占,dup_near_1032,duplicate_near,1
02121.jpg,训练集/02121.jpg,乱占,dup_near_1033,duplicate_near,2
02122.jpg,训练集/02122.jpg,乱堆,dup_near_1034,duplicate_near,3
02123.jpg,训练集/02123.jpg,乱采,dup_near_1035,duplicate_near,0
02124.jpg,训练集/02124.jpg,乱采,dup_near_1036,duplicate_near,1
02125.jpg,训练集/02125.jpg,乱采,dup_near_1037,duplicate_near,2
02126.jpg,训练集/02126.jpg,乱采,dup_near_1038,duplicate_near,3
02127.jpg,训练集/02127.jpg,乱占,dup_near_1039,duplicate_near,0
02128.jpg,训练集/02128.jpg,乱占,dup_near_1040,duplicate_near,3
02129.jpg,训练集/02129.jpg,乱占,dup_near_1041,duplicate_near,1
02130.jpg,训练集/02130.jpg,乱占,dup_near_1042,duplicate_near,1
02131.jpg,训练集/02131.jpg,乱占,dup_near_1043,duplicate_near,2
02132.jpg,训练集/02132.jpg,乱占,dup_near_1044,duplicate_near,0
02133.jpg,训练集/02133.jpg,乱占,dup_near_1045,duplicate_near,3
02134.jpg,训练集/02134.jpg,乱占,dup_near_1046,duplicate_near,0
02135.jpg,训练集/02135.jpg,乱占,dup_near_1047,duplicate_near,1
02136.jpg,训练集/02136.jpg,乱占,dup_near_1048,duplicate_near,2
02137.jpg,训练集/02137.jpg,乱占,dup_near_1049,duplicate_near,3
02138.jpg,训练集/02138.jpg,乱堆,dup_near_1050,duplicate_near,0
02139.jpg,训练集/02139.jpg,乱堆,dup_near_1051,duplicate_near,1
02140.jpg,训练集/02140.jpg,乱堆,dup_near_1052,duplicate_near,2
02141.jpg,训练集/02141.jpg,乱堆,dup_near_1053,duplicate_near,3
02142.jpg,训练集/02142.jpg,乱堆,dup_near_1054,duplicate_near,0
02143.jpg,训练集/02143.jpg,乱占,dup_near_1055,duplicate_near,1
02144.jpg,训练集/02144.jpg,乱占,dup_near_1056,duplicate_near,2
02145.jpg,训练集/02145.jpg,乱占,dup_near_1057,duplicate_near,3
02146.jpg,训练集/02146.jpg,乱占,dup_near_1058,duplicate_near,0
02147.jpg,训练集/02147.jpg,乱占,dup_near_1059,duplicate_near,1
02148.jpg,训练集/02148.jpg,乱占,dup_near_1060,duplicate_near,2
02149.jpg,训练集/02149.jpg,乱占,dup_near_1061,duplicate_near,3
02150.jpg,训练集/02150.jpg,乱堆,dup_near_1062,duplicate_near,0
02486.jpg,训练集/02486.jpg,乱建,dup_near_1063,duplicate_near,1
02487.jpg,训练集/02487.jpg,乱建,dup_near_1064,duplicate_near,2
02488.jpg,训练集/02488.jpg,乱建,dup_near_1065,duplicate_near,2
02489.jpg,训练集/02489.jpg,乱建,dup_near_1066,duplicate_near,3
