filename,relative_path,original_label,reviewed_label,alternate_label,decision_type,manual_visual_review,confidence,review_status,review_notes,evidence_scale,evidence_location
02043.jpg,训练集/02043.jpg,乱占,乱占,,official_label_passthrough,false,official_label_in_train_json,official_label_retained_pending_visual_review,P0不擅自改写官方train.json标签；视觉复核未完成。,,
02044.jpg,训练集/02044.jpg,乱占,乱占,,official_label_passthrough,false,official_label_in_train_json,official_label_retained_pending_visual_review,P0不擅自改写官方train.json标签；视觉复核未完成。,,
02045.jpg,训练集/02045.jpg,乱占,乱占,,official_label_passthrough,false,official_label_in_train_json,official_label_retained_pending_visual_review,P0不擅自改写官方train.json标签；视觉复核未完成。,,
02046.jpg,训练集/02046.jpg,乱占,乱占,,official_label_passthrough,false,official_label_in_train_json,official_label_retained_pending_visual_review,P0不擅自改写官方train.json标签；视觉复核未完成。,,
02047.jpg,训练集/02047.jpg,乱占,乱占,,official_label_passthrough,false,official_label_in_train_json,official_label_retained_pending_visual_review,P0不擅自改写官方train.json标签；视觉复核未完成。,,
02048.jpg,训练集/02048.jpg,乱占,乱占,,official_label_passthrough,false,official_label_in_train_json,official_label_retained_pending_visual_review,P0不擅自改写官方train.json标签；视觉复核未完成。,,
02049.jpg,训练集/02049.jpg,乱占,乱占,,official_label_passthrough,false,official_label_in_train_json,official_label_retained_pending_visual_review,P0不擅自改写官方train.json标签；视觉复核未完成。,,
02050.jpg,训练集/02050.jpg,乱占,乱占,,official_label_passthrough,false,official_label_in_train_json,official_label_retained_pending_visual_review,P0不擅自改写官方train.json标签；视觉复核未完成。,,
02051.jpg,训练集/02051.jpg,乱占,乱占,,official_label_passthrough,false,official_label_in_train_json,official_label_retained_pending_visual_review,P0不擅自改写官方train.json标签；视觉复核未完成。,,
02058.jpg,训练集/02058.jpg,乱占,乱占,,official_label_passthrough,false,official_label_in_train_json,official_label_retained_pending_visual_review,P0不擅自改写官方train.json标签；视觉复核未完成。,,
02059.jpg,训练集/02059.jpg,乱占,乱占,,official_label_passthrough,false,official_label_in_train_json,official_label_retained_pending_visual_review,P0不擅自改写官方train.json标签；视觉复核未完成。,,
02062.jpg,训练集/02062.jpg,乱占,乱占,,official_label_passthrough,false,official_label_in_train_json,official_label_retained_pending_visual_review,P0不擅自改写官方train.json标签；视觉复核未完成。,,
02072.jpg,训练集/02072.jpg,乱占,乱占,,official_label_passthrough,false,official_label_in_train_json,official_label_retained_pending_visual_review,P0不擅自改写官方train.json标签；视觉复核未完成。,,
02073.jpg,训练集/02073.jpg,乱占,乱占,,official_label_passthrough,false,official_label_in_train_json,official_label_retained_pending_visual_review,P0不擅自改写官方train.json标签；视觉复核未完成。,,
02074.jpg,训练集/02074.jpg,乱占,乱占,,official_label_passthrough,false,official_label_in_train_json,official_label_retained_pending_visual_review,P0不擅自改写官方train.json标签；视觉复核未完成。,,
02075.jpg,训练集/02075.jpg,乱占,乱占,,official_label_passthrough,false,official_label_in_train_json,official_label_retained_pending_visual_review,P0不擅自改写官方train.json标签；视觉复核未完成。,,
02076.jpg,训练集/02076.jpg,乱占,乱占,,official_label_passthrough,false,official_label_in_train_json,official_label_retained_pending_visual_review,P0不擅自改写官方train.json标签；视觉复核未完成。,,
02077.jpg,训练集/02077.jpg,乱占,乱占,,official_label_passthrough,false,official_label_in_train_json,official_label_retained_pending_visual_review,P0不擅自改写官方train.json标签；视觉复核未完成。,,
02078.jpg,训练集/02078.jpg,乱占,乱占,,official_label_passthrough,false,official_label_in_train_json,official_label_retained_pending_visual_review,P0不擅自改写官方train.json标签；视觉复核未完成。,,
02079.jpg,训练集/02079.jpg,乱占,乱占,,official_label_passthrough,false,official_label_in_train_json,official_label_retained_pending_visual_review,P0不擅自改写官方train.json标签；视觉复核未完成。,,
02080.jpg,训练集/02080.jpg,乱占,乱占,,official_label_passthrough,false,official_label_in_train_json,official_label_retained_pending_visual_review,P0不擅自改写官方train.json标签；视觉复核未完成。,,
02081.jpg,训练集/02081.jpg,乱占,乱占,,official_label_passthrough,false,official_label_in_train_json,official_label_retained_pending_visual_review,P0不擅自改写官方train.json标签；视觉复核未完成。,,
02082.jpg,训练集/02082.jpg,乱占,乱占,,official_label_passthrough,false,official_label_in_train_json,official_label_retained_pending_visual_review,P0不擅自改写官方train.json标签；视觉复核未完成。,,
02083.jpg,训练集/02083.jpg,乱占,乱占,,official_label_passthrough,false,official_label_in_train_json,official_label_retained_pending_visual_review,P0不擅自改写官方train.json标签；视觉复核未完成。,,
02084.jpg,训练集/02084.jpg,乱占,乱占,,official_label_passthrough,false,official_label_in_train_json,official_label_retained_pending_visual_review,P0不擅自改写官方train.json标签；视觉复核未完成。,,
02085.jpg,训练集/02085.jpg,乱占,乱占,,official_label_passthrough,false,official_label_in_train_json,official_label_retained_pending_visual_review,P0不擅自改写官方train.json标签；视觉复核未完成。,,
02086.jpg,训练集/02086.jpg,乱占,乱占,,official_label_passthrough,false,official_label_in_train_json,official_label_retained_pending_visual_review,P0不擅自改写官方train.json标签；视觉复核未完成。,,
02087.jpg,训练集/02087.jpg,乱占,乱占,,official_label_passthrough,false,official_label_in_train_json,official_label_retained_pending_visual_review,P0不擅自改写官方train.json标签；视觉复核未完成。,,
02088.jpg,训练集/02088.jpg,乱占,乱占,,official_label_passthrough,false,official_label_in_train_json,official_label_retained_pending_visual_review,P0不擅自改写官方train.json标签；视觉复核未完成。,,
02089.jpg,训练集/02089.jpg,乱占,乱占,,official_label_passthrough,false,official_label_in_train_json,official_label_retained_pending_visual_review,P0不擅自改写官方train.json标签；视觉复核未完成。,,
02090.jpg,训练集/02090.jpg,乱占,乱占,,official_label_passthrough,false,official_label_in_train_json,official_label_retained_pending_visual_review,P0不擅自改写官方train.json标签；视觉复核未完成。,,
02091.jpg,训练集/02091.jpg,乱占,乱占,,official_label_passthrough,false,official_label_in_train_json,official_label_retained_pending_visual_review,P0不擅自改写官方train.json标签；视觉复核未完成。,,
02112.jpg,训练集/02112.jpg,乱占,乱占,,official_label_passthrough,false,official_label_in_train_json,official_label_retained_pending_visual_review,P0不擅自改写官方train.json标签；视觉复核未完成。,,
02113.jpg,训练集/02113.jpg,乱占,乱占,,official_label_passthrough,false,official_label_in_train_json,official_label_retained_pending_visual_review,P0不擅自改写官方train.json标签；视觉复核未完成。,,
02114.jpg,训练集/02114.jpg,乱占,乱占,,official_label_passthrough,false,official_label_in_train_json,official_label_retained_pending_visual_review,P0不擅自改写官方train.json标签；视觉复核未完成。,,
02115.jpg,训练集/02115.jpg,乱占,乱占,,official_label_passthrough,false,official_label_in_train_json,official_label_retained_pending_visual_review,P0不擅自改写官方train.json标签；视觉复核未完成。,,
02116.jpg,训练集/02116.jpg,乱占,乱占,,official_label_passthrough,false,official_label_in_train_json,official_label_retained_pending_visual_review,P0不擅自改写官方train.json标签；视觉复核未完成。,,
02117.jpg,训练集/02117.jpg,乱占,乱占,,official_label_passthrough,false,official_label_in_train_json,official_label_retained_pending_visual_review,P0不擅自改写官方train.json标签；视觉复核未完成。,,
02118.jpg,训练集/02118.jpg,乱占,乱占,,official_label_passthrough,false,official_label_in_train_json,official_label_retained_pending_visual_review,P0不擅自改写官方train.json标签；视觉复核未完成。,,
02119.jpg,训练集/02119.jpg,乱占,乱占,,official_label_passthrough,false,official_label_in_train_json,official_label_retained_pending_visual_review,P0不擅自改写官方train.json标签；视觉复核未完成。,,
02120.jpg,训练集/02120.jpg,乱占,乱占,,official_label_passthrough,false,official_label_in_train_json,official_label_retained_pending_visual_review,P0不擅自改写官方train.json标签；视觉复核未完成。,,
02121.jpg,训练集/02121.jpg,乱占,乱占,,official_label_passthrough,false,official_label_in_train_json,official_label_retained_pending_visual_review,P0不擅自改写官方train.json标签；视觉复核未完成。,,
02127.jpg,训练集/02127.jpg,乱占,乱占,,official_label_passthrough,false,official_label_in_train_json,official_label_retained_pending_visual_review,P0不擅自改写官方train.json标签；视觉复核未完成。,,
02128.jpg,训练集/02128.jpg,乱占,乱占,,official_label_passthrough,false,official_label_in_train_json,official_label_retained_pending_visual_review,P0不擅自改写官方train.json标签；视觉复核未完成。,,
02129.jpg,训练集/02129.jpg,乱占,乱占,,official_label_passthrough,false,official_label_in_train_json,official_label_retained_pending_visual_review,P0不擅自改写官方train.json标签；视觉复核未完成。,,
02130.jpg,训练集/02130.jpg,乱占,乱占,,official_label_passthrough,false,official_label_in_train_json,official_label_retained_pending_visual_review,P0不擅自改写官方train.json标签；视觉复核未完成。,,
02131.jpg,训练集/02131.jpg,乱占,乱占,,official_label_passthrough,false,official_label_in_train_json,official_label_retained_pending_visual_review,P0不擅自改写官方train.json标签；视觉复核未完成。,,
02132.jpg,训练集/02132.jpg,乱占,乱占,,official_label_passthrough,false,official_label_in_train_json,official_label_retained_pending_visual_review,P0不擅自改写官方train.json标签；视觉复核未完成。,,
02133.jpg,训练集/02133.jpg,乱占,乱占,,official_label_passthrough,false,official_label_in_train_json,official_label_retained_pending_visual_review,P0不擅自改写官方train.json标签；视觉复核未完成。,,
02134.jpg,训练集/02134.jpg,乱占,乱占,,official_label_passthrough,false,official_label_in_train_json,official_label_retained_pending_visual_review,P0不擅自改写官方train.json标签；视觉复核未完成。,,
02135.jpg,训练集/02135.jpg,乱占,乱占,,official_label_passthrough,false,official_label_in_train_json,official_label_retained_pending_visual_review,P0不擅自改写官方train.json标签；视觉复核未完成。,,
02136.jpg,训练集/02136.jpg,乱占,乱占,,official_label_passthrough,false,official_label_in_train_json,official_label_retained_pending_visual_review,P0不擅自改写官方train.json标签；视觉复核未完成。,,
02137.jpg,训练集/02137.jpg,乱占,乱占,,official_label_passthrough,false,official_label_in_train_json,official_label_retained_pending_visual_review,P0不擅自改写官方train.json标签；视觉复核未完成。,,
02143.jpg,训练集/02143.jpg,乱占,乱占,,official_label_passthrough,false,official_label_in_train_json,official_label_retained_pending_visual_review,P0不擅自改写官方train.json标签；视觉复核未完成。,,
02144.jpg,训练集/02144.jpg,乱占,乱占,,official_label_passthrough,false,official_label_in_train_json,official_label_retained_pending_visual_review,P0不擅自改写官方train.json标签；视觉复核未完成。,,
02145.jpg,训练集/02145.jpg,乱占,乱占,,official_label_passthrough,false,official_label_in_train_json,official_label_retained_pending_visual_review,P0不擅自改写官方train.json标签；视觉复核未完成。,,
02146.jpg,训练集/02146.jpg,乱占,乱占,,official_label_passthrough,false,official_label_in_train_json,official_label_retained_pending_visual_review,P0不擅自改写官方train.json标签；视觉复核未完成。,,
02147.jpg,训练集/02147.jpg,乱占,乱占,,official_label_passthrough,false,official_label_in_train_json,official_label_retained_pending_visual_review,P0不擅自改写官方train.json标签；视觉复核未完成。,,
02148.jpg,训练集/02148.jpg,乱占,乱占,,official_label_passthrough,false,official_label_in_train_json,official_label_retained_pending_visual_review,P0不擅自改写官方train.json标签；视觉复核未完成。,,
02149.jpg,训练集/02149.jpg,乱占,乱占,,official_label_passthrough,false,official_label_in_train_json,official_label_retained_pending_visual_review,P0不擅自改写官方train.json标签；视觉复核未完成。,,
02060.jpg,训练集/02060.jpg,乱堆,乱堆,,official_label_passthrough,false,official_label_in_train_json,official_label_retained_pending_visual_review,P0不擅自改写官方train.json标签；视觉复核未完成。,,
02061.jpg,训练集/02061.jpg,乱堆,乱堆,,official_label_passthrough,false,official_label_in_train_json,official_label_retained_pending_visual_review,P0不擅自改写官方train.json标签；视觉复核未完成。,,
02097.jpg,训练集/02097.jpg,乱堆,乱堆,,official_label_passthrough,false,official_label_in_train_json,official_label_retained_pending_visual_review,P0不擅自改写官方train.json标签；视觉复核未完成。,,
02098.jpg,训练集/02098.jpg,乱堆,乱堆,,official_label_passthrough,false,official_label_in_train_json,official_label_retained_pending_visual_review,P0不擅自改写官方train.json标签；视觉复核未完成。,,
02099.jpg,训练集/02099.jpg,乱堆,乱堆,,official_label_passthrough,false,official_label_in_train_json,official_label_retained_pending_visual_review,P0不擅自改写官方train.json标签；视觉复核未完成。,,
02100.jpg,训练集/02100.jpg,乱堆,乱堆,,official_label_passthrough,false,official_label_in_train_json,official_label_retained_pending_visual_review,P0不擅自改写官方train.json标签；视觉复核未完成。,,
02101.jpg,训练集/02101.jpg,乱堆,乱堆,,official_label_passthrough,false,official_label_in_train_json,official_label_retained_pending_visual_review,P0不擅自改写官方train.json标签；视觉复核未完成。,,
02102.jpg,训练集/02102.jpg,乱堆,乱堆,,official_label_passthrough,false,official_label_in_train_json,official_label_retained_pending_visual_review,P0不擅自改写官方train.json标签；视觉复核未完成。,,
02103.jpg,训练集/02103.jpg,乱堆,乱堆,,official_label_passthrough,false,official_label_in_train_json,official_label_retained_pending_visual_review,P0不擅自改写官方train.json标签；视觉复核未完成。,,
02104.jpg,训练集/02104.jpg,乱堆,乱堆,,official_label_passthrough,false,official_label_in_train_json,official_label_retained_pending_visual_review,P0不擅自改写官方train.json标签；视觉复核未完成。,,
02105.jpg,训练集/02105.jpg,乱堆,乱堆,,official_label_passthrough,false,official_label_in_train_json,official_label_retained_pending_visual_review,P0不擅自改写官方train.json标签；视觉复核未完成。,,
02106.jpg,训练集/02106.jpg,乱堆,乱堆,,official_label_passthrough,false,official_label_in_train_json,official_label_retained_pending_visual_review,P0不擅自改写官方train.json标签；视觉复核未完成。,,
02107.jpg,训练集/02107.jpg,乱堆,乱堆,,official_label_passthrough,false,official_label_in_train_json,official_label_retained_pending_visual_review,P0不擅自改写官方train.json标签；视觉复核未完成。,,
02108.jpg,训练集/02108.jpg,乱堆,乱堆,,official_label_passthrough,false,official_label_in_train_json,official_label_retained_pending_visual_review,P0不擅自改写官方train.json标签；视觉复核未完成。,,
02109.jpg,训练集/02109.jpg,乱堆,乱堆,,official_label_passthrough,false,official_label_in_train_json,official_label_retained_pending_visual_review,P0不擅自改写官方train.json标签；视觉复核未完成。,,
02110.jpg,训练集/02110.jpg,乱堆,乱堆,,official_label_passthrough,false,official_label_in_train_json,official_label_retained_pending_visual_review,P0不擅自改写官方train.json标签；视觉复核未完成。,,
02122.jpg,训练集/02122.jpg,乱堆,乱堆,,official_label_passthrough,false,official_label_in_train_json,official_label_retained_pending_visual_review,P0不擅自改写官方train.json标签；视觉复核未完成。,,
02138.jpg,训练集/02138.jpg,乱堆,乱堆,,official_label_passthrough,false,official_label_in_train_json,official_label_retained_pending_visual_review,P0不擅自改写官方train.json标签；视觉复核未完成。,,
02139.jpg,训练集/02139.jpg,乱堆,乱堆,,official_label_passthrough,false,official_label_in_train_json,official_label_retained_pending_visual_review,P0不擅自改写官方train.json标签；视觉复核未完成。,,
02140.jpg,训练集/02140.jpg,乱堆,乱堆,,official_label_passthrough,false,official_label_in_train_json,official_label_retained_pending_visual_review,P0不擅自改写官方train.json标签；视觉复核未完成。,,
02141.jpg,训练集/02141.jpg,乱堆,乱堆,,official_label_passthrough,false,official_label_in_train_json,official_label_retained_pending_visual_review,P0不擅自改写官方train.json标签；视觉复核未完成。,,
02142.jpg,训练集/02142.jpg,乱堆,乱堆,,official_label_passthrough,false,official_label_in_train_json,official_label_retained_pending_visual_review,P0不擅自改写官方train.json标签；视觉复核未完成。,,
02150.jpg,训练集/02150.jpg,乱堆,乱堆,,official_label_passthrough,false,official_label_in_train_json,official_label_retained_pending_visual_review,P0不擅自改写官方train.json标签；视觉复核未完成。,,
02486.jpg,训练集/02486.jpg,乱建,乱建,,official_label_passthrough,false,official_label_in_train_json,official_label_retained_pending_visual_review,P0不擅自改写官方train.json标签；视觉复核未完成。,,
02487.jpg,训练集/02487.jpg,乱建,乱建,,official_label_passthrough,false,official_label_in_train_json,official_label_retained_pending_visual_review,P0不擅自改写官方train.json标签；视觉复核未完成。,,
02488.jpg,训练集/02488.jpg,乱建,乱建,,official_label_passthrough,false,official_label_in_train_json,official_label_retained_pending_visual_review,P0不擅自改写官方train.json标签；视觉复核未完成。,,
02489.jpg,训练集/02489.jpg,乱建,乱建,,official_label_passthrough,false,official_label_in_train_json,official_label_retained_pending_visual_review,P0不擅自改写官方train.json标签；视觉复核未完成。,,
02052.jpg,训练集/02052.jpg,乱采,乱采,,official_label_passthrough,false,official_label_in_train_json,official_label_retained_pending_visual_review,P0不擅自改写官方train.json标签；视觉复核未完成。,,
02053.jpg,训练集/02053.jpg,乱采,乱采,,official_label_passthrough,false,official_label_in_train_json,official_label_retained_pending_visual_review,P0不擅自改写官方train.json标签；视觉复核未完成。,,
02054.jpg,训练集/02054.jpg,乱采,乱采,,official_label_passthrough,false,official_label_in_train_json,official_label_retained_pending_visual_review,P0不擅自改写官方train.json标签；视觉复核未完成。,,
02055.jpg,训练集/02055.jpg,乱采,乱采,,official_label_passthrough,false,official_label_in_train_json,official_label_retained_pending_visual_review,P0不擅自改写官方train.json标签；视觉复核未完成。,,
02056.jpg,训练集/02056.jpg,乱采,乱采,,official_label_passthrough,false,official_label_in_train_json,official_label_retained_pending_visual_review,P0不擅自改写官方train.json标签；视觉复核未完成。,,
02057.jpg,训练集/02057.jpg,乱采,乱采,,official_label_passthrough,false,official_label_in_train_json,official_label_retained_pending_visual_review,P0不擅自改写官方train.json标签；视觉复核未完成。,,
02063.jpg,训练集/02063.jpg,乱采,乱采,,official_label_passthrough,false,official_label_in_train_json,official_label_retained_pending_visual_review,P0不擅自改写官方train.json标签；视觉复核未完成。,,
02064.jpg,训练集/02064.jpg,乱采,乱采,,official_label_passthrough,false,official_label_in_train_json,official_label_retained_pending_visual_review,P0不擅自改写官方train.json标签；视觉复核未完成。,,
02065.jpg,训练集/02065.jpg,乱采,乱采,,official_label_passthrough,false,official_label_in_train_json,official_label_retained_pending_visual_review,P0不擅自改写官方train.json标签；视觉复核未完成。,,
02066.jpg,训练集/02066.jpg,乱采,乱采,,official_label_passthrough,false,official_label_in_train_json,official_label_retained_pending_visual_review,P0不擅自改写官方train.json标签；视觉复核未完成。,,
02067.jpg,训练集/02067.jpg,乱采,乱采,,official_label_passthrough,false,official_label_in_train_json,official_label_retained_pending_visual_review,P0不擅自改写官方train.json标签；视觉复核未完成。,,
02068.jpg,训练集/02068.jpg,乱采,乱采,,official_label_passthrough,false,official_label_in_train_json,official_label_retained_pending_visual_review,P0不擅自改写官方train.json标签；视觉复核未完成。,,
02069.jpg,训练集/02069.jpg,乱采,乱采,,official_label_passthrough,false,official_label_in_train_json,official_label_retained_pending_visual_review,P0不擅自改写官方train.json标签；视觉复核未完成。,,
02070.jpg,训练集/02070.jpg,乱采,乱采,,official_label_passthrough,false,official_label_in_train_json,official_label_retained_pending_visual_review,P0不擅自改写官方train.json标签；视觉复核未完成。,,
02071.jpg,训练集/02071.jpg,乱采,乱采,,official_label_passthrough,false,official_label_in_train_json,official_label_retained_pending_visual_review,P0不擅自改写官方train.json标签；视觉复核未完成。,,
02092.jpg,训练集/02092.jpg,乱采,乱采,,official_label_passthrough,false,official_label_in_train_json,official_label_retained_pending_visual_review,P0不擅自改写官方train.json标签；视觉复核未完成。,,
02093.jpg,训练集/02093.jpg,乱采,乱采,,official_label_passthrough,false,official_label_in_train_json,official_label_retained_pending_visual_review,P0不擅自改写官方train.json标签；视觉复核未完成。,,
02094.jpg,训练集/02094.jpg,乱采,乱采,,official_label_passthrough,false,official_label_in_train_json,official_label_retained_pending_visual_review,P0不擅自改写官方train.json标签；视觉复核未完成。,,
02095.jpg,训练集/02095.jpg,乱采,乱采,,official_label_passthrough,false,official_label_in_train_json,official_label_retained_pending_visual_review,P0不擅自改写官方train.json标签；视觉复核未完成。,,
02096.jpg,训练集/02096.jpg,乱采,乱采,,official_label_passthrough,false,official_label_in_train_json,official_label_retained_pending_visual_review,P0不擅自改写官方train.json标签；视觉复核未完成。,,
02123.jpg,训练集/02123.jpg,乱采,乱采,,official_label_passthrough,false,official_label_in_train_json,official_label_retained_pending_visual_review,P0不擅自改写官方train.json标签；视觉复核未完成。,,
02124.jpg,训练集/02124.jpg,乱采,乱采,,official_label_passthrough,false,official_label_in_train_json,official_label_retained_pending_visual_review,P0不擅自改写官方train.json标签；视觉复核未完成。,,
02125.jpg,训练集/02125.jpg,乱采,乱采,,official_label_passthrough,false,official_label_in_train_json,official_label_retained_pending_visual_review,P0不擅自改写官方train.json标签；视觉复核未完成。,,
02126.jpg,训练集/02126.jpg,乱采,乱采,,official_label_passthrough,false,official_label_in_train_json,official_label_retained_pending_visual_review,P0不擅自改写官方train.json标签；视觉复核未完成。,,
00033.jpg,训练集/00033.jpg,正常,正常,,official_label_passthrough,false,official_label_in_train_json,official_label_retained_pending_visual_review,P0不擅自改写官方train.json标签；视觉复核未完成。,,
00064.jpg,训练集/00064.jpg,正常,正常,,official_label_passthrough,false,official_label_in_train_json,official_label_retained_pending_visual_review,P0不擅自改写官方train.json标签；视觉复核未完成。,,
00096.jpg,训练集/00096.jpg,正常,正常,,official_label_passthrough,false,official_label_in_train_json,official_label_retained_pending_visual_review,P0不擅自改写官方train.json标签；视觉复核未完成。,,
00100.jpg,训练集/00100.jpg,正常,正常,,official_label_passthrough,false,official_label_in_train_json,official_label_retained_pending_visual_review,P0不擅自改写官方train.json标签；视觉复核未完成。,,
00114.jpg,训练集/00114.jpg,正常,正常,,official_label_passthrough,false,official_label_in_train_json,official_label_retained_pending_visual_review,P0不擅自改写官方train.json标签；视觉复核未完成。,,
01086.jpg,训练集/01086.jpg,正常,正常,,official_label_passthrough,false,official_label_in_train_json,official_label_retained_pending_visual_review,P0不擅自改写官方train.json标签；视觉复核未完成。,,
02111.jpg,训练集/02111.jpg,正常,正常,,official_label_passthrough,false,official_label_in_train_json,official_label_retained_pending_visual_review,P0不擅自改写官方train.json标签；视觉复核未完成。,,
00127.jpg,训练集/00127.jpg,有漂浮物,有漂浮物,,official_label_passthrough,false,official_label_in_train_json,official_label_retained_pending_visual_review,P0不擅自改写官方train.json标签；视觉复核未完成。,,
00128.jpg,训练集/00128.jpg,有漂浮物,有漂浮物,,official_label_passthrough,false,official_label_in_train_json,official_label_retained_pending_visual_review,P0不擅自改写官方train.json标签；视觉复核未完成。,,
00154.jpg,训练集/00154.jpg,有漂浮物,有漂浮物,,official_label_passthrough,false,official_label_in_train_json,official_label_retained_pending_visual_review,P0不擅自改写官方train.json标签；视觉复核未完成。,,
00155.jpg,训练集/00155.jpg,有漂浮物,有漂浮物,,official_label_passthrough,false,official_label_in_train_json,official_label_retained_pending_visual_review,P0不擅自改写官方train.json标签；视觉复核未完成。,,
00161.jpg,训练集/00161.jpg,有漂浮物,有漂浮物,,official_label_passthrough,false,official_label_in_train_json,official_label_retained_pending_visual_review,P0不擅自改写官方train.json标签；视觉复核未完成。,,
00162.jpg,训练集/00162.jpg,有漂浮物,有漂浮物,,official_label_passthrough,false,official_label_in_train_json,official_label_retained_pending_visual_review,P0不擅自改写官方train.json标签；视觉复核未完成。,,
00176.jpg,训练集/00176.jpg,有漂浮物,有漂浮物,,official_label_passthrough,false,official_label_in_train_json,official_label_retained_pending_visual_review,P0不擅自改写官方train.json标签；视觉复核未完成。,,
00177.jpg,训练集/00177.jpg,有漂浮物,有漂浮物,,official_label_passthrough,false,official_label_in_train_json,official_label_retained_pending_visual_review,P0不擅自改写官方train.json标签；视觉复核未完成。,,
00215.jpg,训练集/00215.jpg,有漂浮物,有漂浮物,,official_label_passthrough,false,official_label_in_train_json,official_label_retained_pending_visual_review,P0不擅自改写官方train.json标签；视觉复核未完成。,,
00216.jpg,训练集/00216.jpg,有漂浮物,有漂浮物,,official_label_passthrough,false,official_label_in_train_json,official_label_retained_pending_visual_review,P0不擅自改写官方train.json标签；视觉复核未完成。,,
00446.jpg,训练集/00446.jpg,有漂浮物,有漂浮物,,official_label_passthrough,false,official_label_in_train_json,official_label_retained_pending_visual_review,P0不擅自改写官方train.json标签；视觉复核未完成。,,
00447.jpg,训练集/00447.jpg,有漂浮物,有漂浮物,,official_label_passthrough,false,official_label_in_train_json,official_label_retained_pending_visual_review,P0不擅自改写官方train.json标签；视觉复核未完成。,,
00448.jpg,训练集/00448.jpg,有漂浮物,有漂浮物,,official_label_passthrough,false,official_label_in_train_json,official_label_retained_pending_visual_review,P0不擅自改写官方train.json标签；视觉复核未完成。,,
00449.jpg,训练集/00449.jpg,有漂浮物,有漂浮物,,official_label_passthrough,false,official_label_in_train_json,official_label_retained_pending_visual_review,P0不擅自改写官方train.json标签；视觉复核未完成。,,
00450.jpg,训练集/00450.jpg,有漂浮物,有漂浮物,,official_label_passthrough,false,official_label_in_train_json,official_label_retained_pending_visual_review,P0不擅自改写官方train.json标签；视觉复核未完成。,,
00451.jpg,训练集/00451.jpg,有漂浮物,有漂浮物,,official_label_passthrough,false,official_label_in_train_json,official_label_retained_pending_visual_review,P0不擅自改写官方train.json标签；视觉复核未完成。,,
00452.jpg,训练集/00452.jpg,有漂浮物,有漂浮物,,official_label_passthrough,false,official_label_in_train_json,official_label_retained_pending_visual_review,P0不擅自改写官方train.json标签；视觉复核未完成。,,
00453.jpg,训练集/00453.jpg,有漂浮物,有漂浮物,,official_label_passthrough,false,official_label_in_train_json,official_label_retained_pending_visual_review,P0不擅自改写官方train.json标签；视觉复核未完成。,,
00454.jpg,训练集/00454.jpg,有漂浮物,有漂浮物,,official_label_passthrough,false,official_label_in_train_json,official_label_retained_pending_visual_review,P0不擅自改写官方train.json标签；视觉复核未完成。,,
00457.jpg,训练集/00457.jpg,有漂浮物,有漂浮物,,official_label_passthrough,false,official_label_in_train_json,official_label_retained_pending_visual_review,P0不擅自改写官方train.json标签；视觉复核未完成。,,
00458.jpg,训练集/00458.jpg,有漂浮物,有漂浮物,,official_label_passthrough,false,official_label_in_train_json,official_label_retained_pending_visual_review,P0不擅自改写官方train.json标签；视觉复核未完成。,,
00459.jpg,训练集/00459.jpg,有漂浮物,有漂浮物,,official_label_passthrough,false,official_label_in_train_json,official_label_retained_pending_visual_review,P0不擅自改写官方train.json标签；视觉复核未完成。,,
00460.jpg,训练集/00460.jpg,有漂浮物,有漂浮物,,official_label_passthrough,false,official_label_in_train_json,official_label_retained_pending_visual_review,P0不擅自改写官方train.json标签；视觉复核未完成。,,
00461.jpg,训练集/00461.jpg,有漂浮物,有漂浮物,,official_label_passthrough,false,official_label_in_train_json,official_label_retained_pending_visual_review,P0不擅自改写官方train.json标签；视觉复核未完成。,,
00462.jpg,训练集/00462.jpg,有漂浮物,有漂浮物,,official_label_passthrough,false,official_label_in_train_json,official_label_retained_pending_visual_review,P0不擅自改写官方train.json标签；视觉复核未完成。,,
00463.jpg,训练集/00463.jpg,有漂浮物,有漂浮物,,official_label_passthrough,false,official_label_in_train_json,official_label_retained_pending_visual_review,P0不擅自改写官方train.json标签；视觉复核未完成。,,
00464.jpg,训练集/00464.jpg,有漂浮物,有漂浮物,,official_label_passthrough,false,official_label_in_train_json,official_label_retained_pending_visual_review,P0不擅自改写官方train.json标签；视觉复核未完成。,,
00465.jpg,训练集/00465.jpg,有漂浮物,有漂浮物,,official_label_passthrough,false,official_label_in_train_json,official_label_retained_pending_visual_review,P0不擅自改写官方train.json标签；视觉复核未完成。,,
00466.jpg,训练集/00466.jpg,有漂浮物,有漂浮物,,official_label_passthrough,false,official_label_in_train_json,official_label_retained_pending_visual_review,P0不擅自改写官方train.json标签；视觉复核未完成。,,
00467.jpg,训练集/00467.jpg,有漂浮物,有漂浮物,,official_label_passthrough,false,official_label_in_train_json,official_label_retained_pending_visual_review,P0不擅自改写官方train.json标签；视觉复核未完成。,,
00468.jpg,训练集/00468.jpg,有漂浮物,有漂浮物,,official_label_passthrough,false,official_label_in_train_json,official_label_retained_pending_visual_review,P0不擅自改写官方train.json标签；视觉复核未完成。,,
00472.jpg,训练集/00472.jpg,有漂浮物,有漂浮物,,official_label_passthrough,false,official_label_in_train_json,official_label_retained_pending_visual_review,P0不擅自改写官方train.json标签；视觉复核未完成。,,
00473.jpg,训练集/00473.jpg,有漂浮物,有漂浮物,,official_label_passthrough,false,official_label_in_train_json,official_label_retained_pending_visual_review,P0不擅自改写官方train.json标签；视觉复核未完成。,,
00480.jpg,训练集/00480.jpg,有漂浮物,有漂浮物,,official_label_passthrough,false,official_label_in_train_json,official_label_retained_pending_visual_review,P0不擅自改写官方train.json标签；视觉复核未完成。,,
00482.jpg,训练集/00482.jpg,有漂浮物,有漂浮物,,official_label_passthrough,false,official_label_in_train_json,official_label_retained_pending_visual_review,P0不擅自改写官方train.json标签；视觉复核未完成。,,
00485.jpg,训练集/00485.jpg,有漂浮物,有漂浮物,,official_label_passthrough,false,official_label_in_train_json,official_label_retained_pending_visual_review,P0不擅自改写官方train.json标签；视觉复核未完成。,,
00486.jpg,训练集/00486.jpg,有漂浮物,有漂浮物,,official_label_passthrough,false,official_label_in_train_json,official_label_retained_pending_visual_review,P0不擅自改写官方train.json标签；视觉复核未完成。,,
00487.jpg,训练集/00487.jpg,有漂浮物,有漂浮物,,official_label_passthrough,false,official_label_in_train_json,official_label_retained_pending_visual_review,P0不擅自改写官方train.json标签；视觉复核未完成。,,
00492.jpg,训练集/00492.jpg,有漂浮物,有漂浮物,,official_label_passthrough,false,official_label_in_train_json,official_label_retained_pending_visual_review,P0不擅自改写官方train.json标签；视觉复核未完成。,,
00493.jpg,训练集/00493.jpg,有漂浮物,有漂浮物,,official_label_passthrough,false,official_label_in_train_json,official_label_retained_pending_visual_review,P0不擅自改写官方train.json标签；视觉复核未完成。,,
00531.jpg,训练集/00531.jpg,有漂浮物,有漂浮物,,official_label_passthrough,false,official_label_in_train_json,official_label_retained_pending_visual_review,P0不擅自改写官方train.json标签；视觉复核未完成。,,
00532.jpg,训练集/00532.jpg,有漂浮物,有漂浮物,,official_label_passthrough,false,official_label_in_train_json,official_label_retained_pending_visual_review,P0不擅自改写官方train.json标签；视觉复核未完成。,,
00533.jpg,训练集/00533.jpg,有漂浮物,有漂浮物,,official_label_passthrough,false,official_label_in_train_json,official_label_retained_pending_visual_review,P0不擅自改写官方train.json标签；视觉复核未完成。,,
00534.jpg,训练集/00534.jpg,有漂浮物,有漂浮物,,official_label_passthrough,false,official_label_in_train_json,official_label_retained_pending_visual_review,P0不擅自改写官方train.json标签；视觉复核未完成。,,
00539.jpg,训练集/00539.jpg,有漂浮物,有漂浮物,,official_label_passthrough,false,official_label_in_train_json,official_label_retained_pending_visual_review,P0不擅自改写官方train.json标签；视觉复核未完成。,,
00540.jpg,训练集/00540.jpg,有漂浮物,有漂浮物,,official_label_passthrough,false,official_label_in_train_json,official_label_retained_pending_visual_review,P0不擅自改写官方train.json标签；视觉复核未完成。,,
00541.jpg,训练集/00541.jpg,有漂浮物,有漂浮物,,official_label_passthrough,false,official_label_in_train_json,official_label_retained_pending_visual_review,P0不擅自改写官方train.json标签；视觉复核未完成。,,
00542.jpg,训练集/00542.jpg,有漂浮物,有漂浮物,,official_label_passthrough,false,official_label_in_train_json,official_label_retained_pending_visual_review,P0不擅自改写官方train.json标签；视觉复核未完成。,,
00543.jpg,训练集/00543.jpg,有漂浮物,有漂浮物,,official_label_passthrough,false,official_label_in_train_json,official_label_retained_pending_visual_review,P0不擅自改写官方train.json标签；视觉复核未完成。,,
00544.jpg,训练集/00544.jpg,有漂浮物,有漂浮物,,official_label_passthrough,false,official_label_in_train_json,official_label_retained_pending_visual_review,P0不擅自改写官方train.json标签；视觉复核未完成。,,
00559.jpg,训练集/00559.jpg,有漂浮物,有漂浮物,,official_label_passthrough,false,official_label_in_train_json,official_label_retained_pending_visual_review,P0不擅自改写官方train.json标签；视觉复核未完成。,,
00560.jpg,训练集/00560.jpg,有漂浮物,有漂浮物,,official_label_passthrough,false,official_label_in_train_json,official_label_retained_pending_visual_review,P0不擅自改写官方train.json标签；视觉复核未完成。,,
00567.jpg,训练集/00567.jpg,有漂浮物,有漂浮物,,official_label_passthrough,false,official_label_in_train_json,official_label_retained_pending_visual_review,P0不擅自改写官方train.json标签；视觉复核未完成。,,
00568.jpg,训练集/00568.jpg,有漂浮物,有漂浮物,,official_label_passthrough,false,official_label_in_train_json,official_label_retained_pending_visual_review,P0不擅自改写官方train.json标签；视觉复核未完成。,,
00635.jpg,训练集/00635.jpg,有漂浮物,有漂浮物,,official_label_passthrough,false,official_label_in_train_json,official_label_retained_pending_visual_review,P0不擅自改写官方train.json标签；视觉复核未完成。,,
00637.jpg,训练集/00637.jpg,有漂浮物,有漂浮物,,official_label_passthrough,false,official_label_in_train_json,official_label_retained_pending_visual_review,P0不擅自改写官方train.json标签；视觉复核未完成。,,
00640.jpg,训练集/00640.jpg,有漂浮物,有漂浮物,,official_label_passthrough,false,official_label_in_train_json,official_label_retained_pending_visual_review,P0不擅自改写官方train.json标签；视觉复核未完成。,,
00641.jpg,训练集/00641.jpg,有漂浮物,有漂浮物,,official_label_passthrough,false,official_label_in_train_json,official_label_retained_pending_visual_review,P0不擅自改写官方train.json标签；视觉复核未完成。,,
00642.jpg,训练集/00642.jpg,有漂浮物,有漂浮物,,official_label_passthrough,false,official_label_in_train_json,official_label_retained_pending_visual_review,P0不擅自改写官方train.json标签；视觉复核未完成。,,
00672.jpg,训练集/00672.jpg,有漂浮物,有漂浮物,,official_label_passthrough,false,official_label_in_train_json,official_label_retained_pending_visual_review,P0不擅自改写官方train.json标签；视觉复核未完成。,,
00673.jpg,训练集/00673.jpg,有漂浮物,有漂浮物,,official_label_passthrough,false,official_label_in_train_json,official_label_retained_pending_visual_review,P0不擅自改写官方train.json标签；视觉复核未完成。,,
00674.jpg,训练集/00674.jpg,有漂浮物,有漂浮物,,official_label_passthrough,false,official_label_in_train_json,official_label_retained_pending_visual_review,P0不擅自改写官方train.json标签；视觉复核未完成。,,
00677.jpg,训练集/00677.jpg,有漂浮物,有漂浮物,,official_label_passthrough,false,official_label_in_train_json,official_label_retained_pending_visual_review,P0不擅自改写官方train.json标签；视觉复核未完成。,,
00678.jpg,训练集/00678.jpg,有漂浮物,有漂浮物,,official_label_passthrough,false,official_label_in_train_json,official_label_retained_pending_visual_review,P0不擅自改写官方train.json标签；视觉复核未完成。,,
00680.jpg,训练集/00680.jpg,有漂浮物,有漂浮物,,official_label_passthrough,false,official_label_in_train_json,official_label_retained_pending_visual_review,P0不擅自改写官方train.json标签；视觉复核未完成。,,
00681.jpg,训练集/00681.jpg,有漂浮物,有漂浮物,,official_label_passthrough,false,official_label_in_train_json,official_label_retained_pending_visual_review,P0不擅自改写官方train.json标签；视觉复核未完成。,,
00700.jpg,训练集/00700.jpg,有漂浮物,有漂浮物,,official_label_passthrough,false,official_label_in_train_json,official_label_retained_pending_visual_review,P0不擅自改写官方train.json标签；视觉复核未完成。,,
00701.jpg,训练集/00701.jpg,有漂浮物,有漂浮物,,official_label_passthrough,false,official_label_in_train_json,official_label_retained_pending_visual_review,P0不擅自改写官方train.json标签；视觉复核未完成。,,
00753.jpg,训练集/00753.jpg,有漂浮物,有漂浮物,,official_label_passthrough,false,official_label_in_train_json,official_label_retained_pending_visual_review,P0不擅自改写官方train.json标签；视觉复核未完成。,,
00754.jpg,训练集/00754.jpg,有漂浮物,有漂浮物,,official_label_passthrough,false,official_label_in_train_json,official_label_retained_pending_visual_review,P0不擅自改写官方train.json标签；视觉复核未完成。,,
00824.jpg,训练集/00824.jpg,有漂浮物,有漂浮物,,official_label_passthrough,false,official_label_in_train_json,official_label_retained_pending_visual_review,P0不擅自改写官方train.json标签；视觉复核未完成。,,
00825.jpg,训练集/00825.jpg,有漂浮物,有漂浮物,,official_label_passthrough,false,official_label_in_train_json,official_label_retained_pending_visual_review,P0不擅自改写官方train.json标签；视觉复核未完成。,,
00829.jpg,训练集/00829.jpg,有漂浮物,有漂浮物,,official_label_passthrough,false,official_label_in_train_json,official_label_retained_pending_visual_review,P0不擅自改写官方train.json标签；视觉复核未完成。,,
00830.jpg,训练集/00830.jpg,有漂浮物,有漂浮物,,official_label_passthrough,false,official_label_in_train_json,official_label_retained_pending_visual_review,P0不擅自改写官方train.json标签；视觉复核未完成。,,
00831.jpg,训练集/00831.jpg,有漂浮物,有漂浮物,,official_label_passthrough,false,official_label_in_train_json,official_label_retained_pending_visual_review,P0不擅自改写官方train.json标签；视觉复核未完成。,,
00832.jpg,训练集/00832.jpg,有漂浮物,有漂浮物,,official_label_passthrough,false,official_label_in_train_json,official_label_retained_pending_visual_review,P0不擅自改写官方train.json标签；视觉复核未完成。,,
00833.jpg,训练集/00833.jpg,有漂浮物,有漂浮物,,official_label_passthrough,false,official_label_in_train_json,official_label_retained_pending_visual_review,P0不擅自改写官方train.json标签；视觉复核未完成。,,
00851.jpg,训练集/00851.jpg,有漂浮物,有漂浮物,,official_label_passthrough,false,official_label_in_train_json,official_label_retained_pending_visual_review,P0不擅自改写官方train.json标签；视觉复核未完成。,,
00852.jpg,训练集/00852.jpg,有漂浮物,有漂浮物,,official_label_passthrough,false,official_label_in_train_json,official_label_retained_pending_visual_review,P0不擅自改写官方train.json标签；视觉复核未完成。,,
00872.jpg,训练集/00872.jpg,有漂浮物,有漂浮物,,official_label_passthrough,false,official_label_in_train_json,official_label_retained_pending_visual_review,P0不擅自改写官方train.json标签；视觉复核未完成。,,
00874.jpg,训练集/00874.jpg,有漂浮物,有漂浮物,,official_label_passthrough,false,official_label_in_train_json,official_label_retained_pending_visual_review,P0不擅自改写官方train.json标签；视觉复核未完成。,,
00877.jpg,训练集/00877.jpg,有漂浮物,有漂浮物,,official_label_passthrough,false,official_label_in_train_json,official_label_retained_pending_visual_review,P0不擅自改写官方train.json标签；视觉复核未完成。,,
00879.jpg,训练集/00879.jpg,有漂浮物,有漂浮物,,official_label_passthrough,false,official_label_in_train_json,official_label_retained_pending_visual_review,P0不擅自改写官方train.json标签；视觉复核未完成。,,
00889.jpg,训练集/00889.jpg,有漂浮物,有漂浮物,,official_label_passthrough,false,official_label_in_train_json,official_label_retained_pending_visual_review,P0不擅自改写官方train.json标签；视觉复核未完成。,,
00890.jpg,训练集/00890.jpg,有漂浮物,有漂浮物,,official_label_passthrough,false,official_label_in_train_json,official_label_retained_pending_visual_review,P0不擅自改写官方train.json标签；视觉复核未完成。,,
00892.jpg,训练集/00892.jpg,有漂浮物,有漂浮物,,official_label_passthrough,false,official_label_in_train_json,official_label_retained_pending_visual_review,P0不擅自改写官方train.json标签；视觉复核未完成。,,
00893.jpg,训练集/00893.jpg,有漂浮物,有漂浮物,,official_label_passthrough,false,official_label_in_train_json,official_label_retained_pending_visual_review,P0不擅自改写官方train.json标签；视觉复核未完成。,,
00894.jpg,训练集/00894.jpg,有漂浮物,有漂浮物,,official_label_passthrough,false,official_label_in_train_json,official_label_retained_pending_visual_review,P0不擅自改写官方train.json标签；视觉复核未完成。,,
00895.jpg,训练集/00895.jpg,有漂浮物,有漂浮物,,official_label_passthrough,false,official_label_in_train_json,official_label_retained_pending_visual_review,P0不擅自改写官方train.json标签；视觉复核未完成。,,
00907.jpg,训练集/00907.jpg,有漂浮物,有漂浮物,,official_label_passthrough,false,official_label_in_train_json,official_label_retained_pending_visual_review,P0不擅自改写官方train.json标签；视觉复核未完成。,,
00908.jpg,训练集/00908.jpg,有漂浮物,有漂浮物,,official_label_passthrough,false,official_label_in_train_json,official_label_retained_pending_visual_review,P0不擅自改写官方train.json标签；视觉复核未完成。,,
00925.jpg,训练集/00925.jpg,有漂浮物,有漂浮物,,official_label_passthrough,false,official_label_in_train_json,official_label_retained_pending_visual_review,P0不擅自改写官方train.json标签；视觉复核未完成。,,
00927.jpg,训练集/00927.jpg,有漂浮物,有漂浮物,,official_label_passthrough,false,official_label_in_train_json,official_label_retained_pending_visual_review,P0不擅自改写官方train.json标签；视觉复核未完成。,,
00928.jpg,训练集/00928.jpg,有漂浮物,有漂浮物,,official_label_passthrough,false,official_label_in_train_json,official_label_retained_pending_visual_review,P0不擅自改写官方train.json标签；视觉复核未完成。,,
00929.jpg,训练集/00929.jpg,有漂浮物,有漂浮物,,official_label_passthrough,false,official_label_in_train_json,official_label_retained_pending_visual_review,P0不擅自改写官方train.json标签；视觉复核未完成。,,
00935.jpg,训练集/00935.jpg,有漂浮物,有漂浮物,,official_label_passthrough,false,official_label_in_train_json,official_label_retained_pending_visual_review,P0不擅自改写官方train.json标签；视觉复核未完成。,,
00936.jpg,训练集/00936.jpg,有漂浮物,有漂浮物,,official_label_passthrough,false,official_label_in_train_json,official_label_retained_pending_visual_review,P0不擅自改写官方train.json标签；视觉复核未完成。,,
00944.jpg,训练集/00944.jpg,有漂浮物,有漂浮物,,official_label_passthrough,false,official_label_in_train_json,official_label_retained_pending_visual_review,P0不擅自改写官方train.json标签；视觉复核未完成。,,
00945.jpg,训练集/00945.jpg,有漂浮物,有漂浮物,,official_label_passthrough,false,official_label_in_train_json,official_label_retained_pending_visual_review,P0不擅自改写官方train.json标签；视觉复核未完成。,,
00964.jpg,训练集/00964.jpg,有漂浮物,有漂浮物,,official_label_passthrough,false,official_label_in_train_json,official_label_retained_pending_visual_review,P0不擅自改写官方train.json标签；视觉复核未完成。,,
00965.jpg,训练集/00965.jpg,有漂浮物,有漂浮物,,official_label_passthrough,false,official_label_in_train_json,official_label_retained_pending_visual_review,P0不擅自改写官方train.json标签；视觉复核未完成。,,
01109.jpg,训练集/01109.jpg,有漂浮物,有漂浮物,,official_label_passthrough,false,official_label_in_train_json,official_label_retained_pending_visual_review,P0不擅自改写官方train.json标签；视觉复核未完成。,,
01110.jpg,训练集/01110.jpg,有漂浮物,有漂浮物,,official_label_passthrough,false,official_label_in_train_json,official_label_retained_pending_visual_review,P0不擅自改写官方train.json标签；视觉复核未完成。,,
01112.jpg,训练集/01112.jpg,有漂浮物,有漂浮物,,official_label_passthrough,false,official_label_in_train_json,official_label_retained_pending_visual_review,P0不擅自改写官方train.json标签；视觉复核未完成。,,
01113.jpg,训练集/01113.jpg,有漂浮物,有漂浮物,,official_label_passthrough,false,official_label_in_train_json,official_label_retained_pending_visual_review,P0不擅自改写官方train.json标签；视觉复核未完成。,,
01114.jpg,训练集/01114.jpg,有漂浮物,有漂浮物,,official_label_passthrough,false,official_label_in_train_json,official_label_retained_pending_visual_review,P0不擅自改写官方train.json标签；视觉复核未完成。,,
01126.jpg,训练集/01126.jpg,有漂浮物,有漂浮物,,official_label_passthrough,false,official_label_in_train_json,official_label_retained_pending_visual_review,P0不擅自改写官方train.json标签；视觉复核未完成。,,
01127.jpg,训练集/01127.jpg,有漂浮物,有漂浮物,,official_label_passthrough,false,official_label_in_train_json,official_label_retained_pending_visual_review,P0不擅自改写官方train.json标签；视觉复核未完成。,,
01129.jpg,训练集/01129.jpg,有漂浮物,有漂浮物,,official_label_passthrough,false,official_label_in_train_json,official_label_retained_pending_visual_review,P0不擅自改写官方train.json标签；视觉复核未完成。,,
01145.jpg,训练集/01145.jpg,有漂浮物,有漂浮物,,official_label_passthrough,false,official_label_in_train_json,official_label_retained_pending_visual_review,P0不擅自改写官方train.json标签；视觉复核未完成。,,
01146.jpg,训练集/01146.jpg,有漂浮物,有漂浮物,,official_label_passthrough,false,official_label_in_train_json,official_label_retained_pending_visual_review,P0不擅自改写官方train.json标签；视觉复核未完成。,,
01147.jpg,训练集/01147.jpg,有漂浮物,有漂浮物,,official_label_passthrough,false,official_label_in_train_json,official_label_retained_pending_visual_review,P0不擅自改写官方train.json标签；视觉复核未完成。,,
01148.jpg,训练集/01148.jpg,有漂浮物,有漂浮物,,official_label_passthrough,false,official_label_in_train_json,official_label_retained_pending_visual_review,P0不擅自改写官方train.json标签；视觉复核未完成。,,
01149.jpg,训练集/01149.jpg,有漂浮物,有漂浮物,,official_label_passthrough,false,official_label_in_train_json,official_label_retained_pending_visual_review,P0不擅自改写官方train.json标签；视觉复核未完成。,,
01210.jpg,训练集/01210.jpg,有漂浮物,有漂浮物,,official_label_passthrough,false,official_label_in_train_json,official_label_retained_pending_visual_review,P0不擅自改写官方train.json标签；视觉复核未完成。,,
01211.jpg,训练集/01211.jpg,有漂浮物,有漂浮物,,official_label_passthrough,false,official_label_in_train_json,official_label_retained_pending_visual_review,P0不擅自改写官方train.json标签；视觉复核未完成。,,
01215.jpg,训练集/01215.jpg,有漂浮物,有漂浮物,,official_label_passthrough,false,official_label_in_train_json,official_label_retained_pending_visual_review,P0不擅自改写官方train.json标签；视觉复核未完成。,,
01216.jpg,训练集/01216.jpg,有漂浮物,有漂浮物,,official_label_passthrough,false,official_label_in_train_json,official_label_retained_pending_visual_review,P0不擅自改写官方train.json标签；视觉复核未完成。,,
01225.jpg,训练集/01225.jpg,有漂浮物,有漂浮物,,official_label_passthrough,false,official_label_in_train_json,official_label_retained_pending_visual_review,P0不擅自改写官方train.json标签；视觉复核未完成。,,
01227.jpg,训练集/01227.jpg,有漂浮物,有漂浮物,,official_label_passthrough,false,official_label_in_train_json,official_label_retained_pending_visual_review,P0不擅自改写官方train.json标签；视觉复核未完成。,,
01228.jpg,训练集/01228.jpg,有漂浮物,有漂浮物,,official_label_passthrough,false,official_label_in_train_json,official_label_retained_pending_visual_review,P0不擅自改写官方train.json标签；视觉复核未完成。,,
01231.jpg,训练集/01231.jpg,有漂浮物,有漂浮物,,official_label_passthrough,false,official_label_in_train_json,official_label_retained_pending_visual_review,P0不擅自改写官方train.json标签；视觉复核未完成。,,
01233.jpg,训练集/01233.jpg,有漂浮物,有漂浮物,,official_label_passthrough,false,official_label_in_train_json,official_label_retained_pending_visual_review,P0不擅自改写官方train.json标签；视觉复核未完成。,,
