filename,champion_pred,new_pred,reviewed_truth,state
01189.jpg,有漂浮物,有漂浮物,有漂浮物,correct_both
00470.jpg,有漂浮物,有漂浮物,有漂浮物,correct_both
00577.jpg,有漂浮物,有漂浮物,有漂浮物,correct_both
00485.jpg,有漂浮物,有漂浮物,有漂浮物,correct_both
00160.jpg,有漂浮物,有漂浮物,有漂浮物,correct_both
00752.jpg,有漂浮物,有漂浮物,有漂浮物,correct_both
00556.jpg,有漂浮物,有漂浮物,有漂浮物,correct_both
01097.jpg,有漂浮物,有漂浮物,有漂浮物,correct_both
00126.jpg,有漂浮物,有漂浮物,有漂浮物,correct_both
00213.jpg,有漂浮物,有漂浮物,有漂浮物,correct_both
01181.jpg,有漂浮物,有漂浮物,有漂浮物,correct_both
01080.jpg,有漂浮物,有漂浮物,有漂浮物,correct_both
00804.jpg,有漂浮物,有漂浮物,有漂浮物,correct_both
00988.jpg,有漂浮物,有漂浮物,有漂浮物,correct_both
00864.jpg,有漂浮物,有漂浮物,有漂浮物,correct_both
02080.jpg,乱占,乱占,乱占,correct_both
01175.jpg,有漂浮物,有漂浮物,有漂浮物,correct_both
01220.jpg,有漂浮物,有漂浮物,有漂浮物,correct_both
01243.jpg,有漂浮物,有漂浮物,有漂浮物,correct_both
01067.jpg,有漂浮物,有漂浮物,有漂浮物,correct_both
01075.jpg,有漂浮物,有漂浮物,有漂浮物,correct_both
01214.jpg,有漂浮物,有漂浮物,有漂浮物,correct_both
01224.jpg,有漂浮物,有漂浮物,有漂浮物,correct_both
00149.jpg,有漂浮物,有漂浮物,有漂浮物,correct_both
00019.jpg,有漂浮物,有漂浮物,有漂浮物,correct_both
00731.jpg,有漂浮物,有漂浮物,有漂浮物,correct_both
00965.jpg,有漂浮物,有漂浮物,有漂浮物,correct_both
02145.jpg,乱占,乱占,乱占,correct_both
00822.jpg,有漂浮物,有漂浮物,有漂浮物,correct_both
00642.jpg,有漂浮物,有漂浮物,有漂浮物,correct_both
00206.jpg,有漂浮物,有漂浮物,有漂浮物,correct_both
00007.jpg,有漂浮物,有漂浮物,有漂浮物,correct_both
00937.jpg,有漂浮物,有漂浮物,有漂浮物,correct_both
02074.jpg,乱占,乱占,乱占,correct_both
00639.jpg,有漂浮物,有漂浮物,有漂浮物,correct_both
00997.jpg,有漂浮物,有漂浮物,有漂浮物,correct_both
02117.jpg,乱占,乱占,乱占,correct_both
00803.jpg,有漂浮物,有漂浮物,有漂浮物,correct_both
00833.jpg,有漂浮物,有漂浮物,有漂浮物,correct_both
00498.jpg,有漂浮物,有漂浮物,有漂浮物,correct_both
00507.jpg,有漂浮物,有漂浮物,有漂浮物,correct_both
00024.jpg,有漂浮物,有漂浮物,有漂浮物,correct_both
00113.jpg,有漂浮物,有漂浮物,有漂浮物,correct_both
00156.jpg,有漂浮物,有漂浮物,有漂浮物,correct_both
01052.jpg,有漂浮物,有漂浮物,有漂浮物,correct_both
00758.jpg,有漂浮物,有漂浮物,有漂浮物,correct_both
00860.jpg,有漂浮物,有漂浮物,有漂浮物,correct_both
00153.jpg,有漂浮物,有漂浮物,有漂浮物,correct_both
00627.jpg,有漂浮物,有漂浮物,有漂浮物,correct_both
01179.jpg,有漂浮物,有漂浮物,有漂浮物,correct_both
01231.jpg,有漂浮物,有漂浮物,有漂浮物,correct_both
00931.jpg,有漂浮物,有漂浮物,有漂浮物,correct_both
00922.jpg,有漂浮物,有漂浮物,有漂浮物,correct_both
00993.jpg,有漂浮物,有漂浮物,有漂浮物,correct_both
00887.jpg,有漂浮物,有漂浮物,有漂浮物,correct_both
00229.jpg,有漂浮物,有漂浮物,有漂浮物,correct_both
00691.jpg,有漂浮物,有漂浮物,有漂浮物,correct_both
00131.jpg,有漂浮物,有漂浮物,有漂浮物,correct_both
02081.jpg,乱占,乱占,乱占,correct_both
02136.jpg,乱占,乱占,乱占,correct_both
02086.jpg,乱占,乱占,乱占,correct_both
02141.jpg,乱堆,乱堆,乱堆,correct_both
00078.jpg,有漂浮物,有漂浮物,有漂浮物,correct_both
00136.jpg,有漂浮物,有漂浮物,有漂浮物,correct_both
01164.jpg,有漂浮物,有漂浮物,有漂浮物,correct_both
01015.jpg,有漂浮物,有漂浮物,有漂浮物,correct_both
00820.jpg,有漂浮物,有漂浮物,有漂浮物,correct_both
00969.jpg,有漂浮物,有漂浮物,有漂浮物,correct_both
00870.jpg,有漂浮物,有漂浮物,有漂浮物,correct_both
00562.jpg,有漂浮物,有漂浮物,有漂浮物,correct_both
01007.jpg,有漂浮物,有漂浮物,有漂浮物,correct_both
01059.jpg,有漂浮物,有漂浮物,有漂浮物,correct_both
00516.jpg,有漂浮物,有漂浮物,有漂浮物,correct_both
00452.jpg,有漂浮物,有漂浮物,有漂浮物,correct_both
00057.jpg,有漂浮物,有漂浮物,有漂浮物,correct_both
00073.jpg,有漂浮物,有漂浮物,有漂浮物,correct_both
00660.jpg,有漂浮物,有漂浮物,有漂浮物,correct_both
02126.jpg,乱采,乱采,乱采,correct_both
00751.jpg,有漂浮物,有漂浮物,有漂浮物,correct_both
00527.jpg,有漂浮物,有漂浮物,有漂浮物,correct_both
00819.jpg,有漂浮物,有漂浮物,有漂浮物,correct_both
02137.jpg,乱占,乱占,乱占,correct_both
01198.jpg,有漂浮物,有漂浮物,有漂浮物,correct_both
01236.jpg,有漂浮物,有漂浮物,有漂浮物,correct_both
01205.jpg,有漂浮物,有漂浮物,有漂浮物,correct_both
00082.jpg,有漂浮物,有漂浮物,有漂浮物,correct_both
00825.jpg,有漂浮物,有漂浮物,有漂浮物,correct_both
00014.jpg,有漂浮物,有漂浮物,有漂浮物,correct_both
01176.jpg,有漂浮物,有漂浮物,有漂浮物,correct_both
00111.jpg,有漂浮物,有漂浮物,有漂浮物,correct_both
00589.jpg,有漂浮物,有漂浮物,有漂浮物,correct_both
00759.jpg,有漂浮物,有漂浮物,有漂浮物,correct_both
00474.jpg,有漂浮物,有漂浮物,有漂浮物,correct_both
00063.jpg,有漂浮物,有漂浮物,有漂浮物,correct_both
01173.jpg,有漂浮物,有漂浮物,有漂浮物,correct_both
00569.jpg,有漂浮物,有漂浮物,有漂浮物,correct_both
01206.jpg,有漂浮物,有漂浮物,有漂浮物,correct_both
00606.jpg,有漂浮物,有漂浮物,有漂浮物,correct_both
00504.jpg,有漂浮物,有漂浮物,有漂浮物,correct_both
02150.jpg,乱占,乱占,乱堆,persistent_error
00165.jpg,有漂浮物,有漂浮物,有漂浮物,correct_both
01001.jpg,有漂浮物,有漂浮物,有漂浮物,correct_both
00809.jpg,有漂浮物,有漂浮物,有漂浮物,correct_both
01134.jpg,有漂浮物,有漂浮物,有漂浮物,correct_both
00176.jpg,有漂浮物,有漂浮物,有漂浮物,correct_both
00163.jpg,有漂浮物,有漂浮物,有漂浮物,correct_both
00039.jpg,有漂浮物,有漂浮物,有漂浮物,correct_both
00457.jpg,有漂浮物,有漂浮物,有漂浮物,correct_both
00907.jpg,有漂浮物,有漂浮物,有漂浮物,correct_both
02103.jpg,乱堆,乱堆,乱堆,correct_both
00975.jpg,有漂浮物,有漂浮物,有漂浮物,correct_both
00490.jpg,有漂浮物,有漂浮物,有漂浮物,correct_both
00889.jpg,有漂浮物,有漂浮物,有漂浮物,correct_both
00542.jpg,有漂浮物,有漂浮物,有漂浮物,correct_both
00077.jpg,有漂浮物,有漂浮物,有漂浮物,correct_both
02488.jpg,有漂浮物,有漂浮物,乱建,persistent_error
00185.jpg,有漂浮物,有漂浮物,有漂浮物,correct_both
00144.jpg,有漂浮物,有漂浮物,有漂浮物,correct_both
02114.jpg,乱占,乱占,乱占,correct_both
00458.jpg,有漂浮物,有漂浮物,有漂浮物,correct_both
00560.jpg,有漂浮物,有漂浮物,有漂浮物,correct_both
01002.jpg,有漂浮物,有漂浮物,有漂浮物,correct_both
00028.jpg,有漂浮物,有漂浮物,有漂浮物,correct_both
00098.jpg,有漂浮物,有漂浮物,有漂浮物,correct_both
00611.jpg,有漂浮物,有漂浮物,有漂浮物,correct_both
01120.jpg,有漂浮物,有漂浮物,有漂浮物,correct_both
01108.jpg,有漂浮物,有漂浮物,有漂浮物,correct_both
00783.jpg,有漂浮物,有漂浮物,有漂浮物,correct_both
00879.jpg,有漂浮物,有漂浮物,有漂浮物,correct_both
00824.jpg,有漂浮物,有漂浮物,有漂浮物,correct_both
00081.jpg,有漂浮物,有漂浮物,有漂浮物,correct_both
01051.jpg,有漂浮物,有漂浮物,有漂浮物,correct_both
00827.jpg,有漂浮物,有漂浮物,有漂浮物,correct_both
01071.jpg,有漂浮物,有漂浮物,有漂浮物,correct_both
00658.jpg,有漂浮物,有漂浮物,有漂浮物,correct_both
00054.jpg,有漂浮物,有漂浮物,有漂浮物,correct_both
02113.jpg,乱占,乱占,乱占,correct_both
00085.jpg,有漂浮物,有漂浮物,有漂浮物,correct_both
00652.jpg,有漂浮物,有漂浮物,有漂浮物,correct_both
02118.jpg,乱占,乱占,乱占,correct_both
00896.jpg,有漂浮物,有漂浮物,有漂浮物,correct_both
00219.jpg,有漂浮物,有漂浮物,有漂浮物,correct_both
02059.jpg,乱占,乱占,乱占,correct_both
01170.jpg,有漂浮物,有漂浮物,有漂浮物,correct_both
00609.jpg,有漂浮物,有漂浮物,有漂浮物,correct_both
00831.jpg,有漂浮物,有漂浮物,有漂浮物,correct_both
01079.jpg,有漂浮物,有漂浮物,有漂浮物,correct_both
00895.jpg,有漂浮物,有漂浮物,有漂浮物,correct_both
00517.jpg,有漂浮物,有漂浮物,有漂浮物,correct_both
01122.jpg,有漂浮物,有漂浮物,有漂浮物,correct_both
00103.jpg,有漂浮物,有漂浮物,有漂浮物,correct_both
00147.jpg,有漂浮物,有漂浮物,有漂浮物,correct_both
00945.jpg,有漂浮物,有漂浮物,有漂浮物,correct_both
00509.jpg,有漂浮物,有漂浮物,有漂浮物,correct_both
01135.jpg,有漂浮物,有漂浮物,有漂浮物,correct_both
00593.jpg,有漂浮物,有漂浮物,有漂浮物,correct_both
01172.jpg,有漂浮物,有漂浮物,有漂浮物,correct_both
02043.jpg,乱占,乱占,乱占,correct_both
01098.jpg,有漂浮物,有漂浮物,有漂浮物,correct_both
00196.jpg,有漂浮物,有漂浮物,有漂浮物,correct_both
01110.jpg,有漂浮物,有漂浮物,有漂浮物,correct_both
00581.jpg,有漂浮物,有漂浮物,有漂浮物,correct_both
00021.jpg,有漂浮物,有漂浮物,有漂浮物,correct_both
00821.jpg,有漂浮物,有漂浮物,有漂浮物,correct_both
02090.jpg,乱占,乱占,乱占,correct_both
01128.jpg,有漂浮物,有漂浮物,有漂浮物,correct_both
00455.jpg,有漂浮物,有漂浮物,有漂浮物,correct_both
00970.jpg,有漂浮物,有漂浮物,有漂浮物,correct_both
01184.jpg,有漂浮物,有漂浮物,有漂浮物,correct_both
01117.jpg,有漂浮物,有漂浮物,有漂浮物,correct_both
01039.jpg,有漂浮物,有漂浮物,有漂浮物,correct_both
00735.jpg,有漂浮物,有漂浮物,有漂浮物,correct_both
01112.jpg,有漂浮物,有漂浮物,有漂浮物,correct_both
00926.jpg,有漂浮物,有漂浮物,有漂浮物,correct_both
00740.jpg,有漂浮物,有漂浮物,有漂浮物,correct_both
00599.jpg,有漂浮物,有漂浮物,有漂浮物,correct_both
00977.jpg,有漂浮物,有漂浮物,有漂浮物,correct_both
00782.jpg,有漂浮物,有漂浮物,有漂浮物,correct_both
00734.jpg,有漂浮物,有漂浮物,有漂浮物,correct_both
01169.jpg,有漂浮物,有漂浮物,有漂浮物,correct_both
00017.jpg,有漂浮物,有漂浮物,有漂浮物,correct_both
01180.jpg,有漂浮物,有漂浮物,有漂浮物,correct_both
00505.jpg,有漂浮物,有漂浮物,有漂浮物,correct_both
02076.jpg,乱占,乱占,乱占,correct_both
02047.jpg,乱占,乱占,乱占,correct_both
02078.jpg,乱占,乱占,乱占,correct_both
00146.jpg,有漂浮物,有漂浮物,有漂浮物,correct_both
02143.jpg,乱占,乱占,乱占,correct_both
00865.jpg,有漂浮物,有漂浮物,有漂浮物,correct_both
00191.jpg,有漂浮物,有漂浮物,有漂浮物,correct_both
02070.jpg,乱采,乱采,乱采,correct_both
00933.jpg,有漂浮物,有漂浮物,有漂浮物,correct_both
00066.jpg,有漂浮物,有漂浮物,有漂浮物,correct_both
00045.jpg,有漂浮物,有漂浮物,有漂浮物,correct_both
01229.jpg,有漂浮物,有漂浮物,有漂浮物,correct_both
01032.jpg,有漂浮物,有漂浮物,有漂浮物,correct_both
00966.jpg,有漂浮物,有漂浮物,有漂浮物,correct_both
01131.jpg,有漂浮物,有漂浮物,有漂浮物,correct_both
00771.jpg,有漂浮物,有漂浮物,有漂浮物,correct_both
01045.jpg,有漂浮物,有漂浮物,有漂浮物,correct_both
00199.jpg,有漂浮物,有漂浮物,有漂浮物,correct_both
00134.jpg,有漂浮物,有漂浮物,有漂浮物,correct_both
00996.jpg,有漂浮物,有漂浮物,有漂浮物,correct_both
00595.jpg,有漂浮物,有漂浮物,有漂浮物,correct_both
00492.jpg,有漂浮物,有漂浮物,有漂浮物,correct_both
01000.jpg,有漂浮物,有漂浮物,有漂浮物,correct_both
00512.jpg,有漂浮物,有漂浮物,有漂浮物,correct_both
02144.jpg,乱占,乱占,乱占,correct_both
00826.jpg,有漂浮物,有漂浮物,有漂浮物,correct_both
00112.jpg,有漂浮物,有漂浮物,有漂浮物,correct_both
01141.jpg,有漂浮物,有漂浮物,有漂浮物,correct_both
00469.jpg,有漂浮物,有漂浮物,有漂浮物,correct_both
00443.jpg,有漂浮物,有漂浮物,有漂浮物,correct_both
00608.jpg,有漂浮物,有漂浮物,有漂浮物,correct_both
00953.jpg,有漂浮物,有漂浮物,有漂浮物,correct_both
00725.jpg,有漂浮物,有漂浮物,有漂浮物,correct_both
00547.jpg,有漂浮物,有漂浮物,有漂浮物,correct_both
00750.jpg,有漂浮物,有漂浮物,有漂浮物,correct_both
00003.jpg,有漂浮物,有漂浮物,有漂浮物,correct_both
01084.jpg,有漂浮物,有漂浮物,有漂浮物,correct_both
01109.jpg,有漂浮物,有漂浮物,有漂浮物,correct_both
00468.jpg,有漂浮物,有漂浮物,有漂浮物,correct_both
00174.jpg,有漂浮物,有漂浮物,有漂浮物,correct_both
00528.jpg,有漂浮物,有漂浮物,有漂浮物,correct_both
01101.jpg,有漂浮物,有漂浮物,有漂浮物,correct_both
00172.jpg,有漂浮物,有漂浮物,有漂浮物,correct_both
00603.jpg,有漂浮物,有漂浮物,有漂浮物,correct_both
02044.jpg,有漂浮物,有漂浮物,乱占,persistent_error
00535.jpg,有漂浮物,有漂浮物,有漂浮物,correct_both
00935.jpg,有漂浮物,有漂浮物,有漂浮物,correct_both
00600.jpg,有漂浮物,有漂浮物,有漂浮物,correct_both
01199.jpg,有漂浮物,有漂浮物,有漂浮物,correct_both
00076.jpg,有漂浮物,有漂浮物,有漂浮物,correct_both
00675.jpg,有漂浮物,有漂浮物,有漂浮物,correct_both
01195.jpg,有漂浮物,有漂浮物,有漂浮物,correct_both
00101.jpg,有漂浮物,有漂浮物,有漂浮物,correct_both
00802.jpg,有漂浮物,有漂浮物,有漂浮物,correct_both
02132.jpg,乱占,乱占,乱占,correct_both
00584.jpg,有漂浮物,有漂浮物,有漂浮物,correct_both
00494.jpg,有漂浮物,有漂浮物,有漂浮物,correct_both
00869.jpg,有漂浮物,有漂浮物,有漂浮物,correct_both
00529.jpg,有漂浮物,有漂浮物,有漂浮物,correct_both
00079.jpg,有漂浮物,有漂浮物,有漂浮物,correct_both
00143.jpg,有漂浮物,有漂浮物,有漂浮物,correct_both
00087.jpg,有漂浮物,有漂浮物,有漂浮物,correct_both
01089.jpg,有漂浮物,有漂浮物,有漂浮物,correct_both
00952.jpg,有漂浮物,有漂浮物,有漂浮物,correct_both
00984.jpg,有漂浮物,有漂浮物,有漂浮物,correct_both
00904.jpg,有漂浮物,有漂浮物,有漂浮物,correct_both
02133.jpg,乱占,乱占,乱占,correct_both
00795.jpg,有漂浮物,有漂浮物,有漂浮物,correct_both
00657.jpg,有漂浮物,有漂浮物,有漂浮物,correct_both
01095.jpg,有漂浮物,有漂浮物,有漂浮物,correct_both
01147.jpg,有漂浮物,有漂浮物,有漂浮物,correct_both
01153.jpg,有漂浮物,有漂浮物,有漂浮物,correct_both
00120.jpg,有漂浮物,有漂浮物,有漂浮物,correct_both
00132.jpg,有漂浮物,有漂浮物,有漂浮物,correct_both
00446.jpg,有漂浮物,有漂浮物,有漂浮物,correct_both
02049.jpg,乱占,乱占,乱占,correct_both
00766.jpg,有漂浮物,有漂浮物,有漂浮物,correct_both
00800.jpg,有漂浮物,有漂浮物,有漂浮物,correct_both
00791.jpg,有漂浮物,有漂浮物,有漂浮物,correct_both
00632.jpg,有漂浮物,有漂浮物,有漂浮物,correct_both
01233.jpg,有漂浮物,有漂浮物,有漂浮物,correct_both
00515.jpg,有漂浮物,有漂浮物,有漂浮物,correct_both
01021.jpg,有漂浮物,有漂浮物,有漂浮物,correct_both
00232.jpg,有漂浮物,有漂浮物,有漂浮物,correct_both
02061.jpg,乱堆,乱堆,乱堆,correct_both
00231.jpg,有漂浮物,有漂浮物,有漂浮物,correct_both
02116.jpg,乱占,乱占,乱占,correct_both
00960.jpg,有漂浮物,有漂浮物,有漂浮物,correct_both
01096.jpg,有漂浮物,有漂浮物,有漂浮物,correct_both
00929.jpg,有漂浮物,有漂浮物,有漂浮物,correct_both
00768.jpg,有漂浮物,有漂浮物,有漂浮物,correct_both
01102.jpg,有漂浮物,有漂浮物,有漂浮物,correct_both
02071.jpg,乱采,乱采,乱采,correct_both
02124.jpg,乱采,乱采,乱采,correct_both
01150.jpg,有漂浮物,有漂浮物,有漂浮物,correct_both
00832.jpg,有漂浮物,有漂浮物,有漂浮物,correct_both
01077.jpg,有漂浮物,有漂浮物,有漂浮物,correct_both
00853.jpg,有漂浮物,有漂浮物,有漂浮物,correct_both
01008.jpg,有漂浮物,有漂浮物,有漂浮物,correct_both
01012.jpg,有漂浮物,有漂浮物,有漂浮物,correct_both
00133.jpg,有漂浮物,有漂浮物,有漂浮物,correct_both
00917.jpg,有漂浮物,有漂浮物,有漂浮物,correct_both
00571.jpg,有漂浮物,有漂浮物,有漂浮物,correct_both
00939.jpg,有漂浮物,有漂浮物,有漂浮物,correct_both
01026.jpg,有漂浮物,有漂浮物,有漂浮物,correct_both
00641.jpg,有漂浮物,有漂浮物,有漂浮物,correct_both
00225.jpg,有漂浮物,有漂浮物,有漂浮物,correct_both
01054.jpg,有漂浮物,有漂浮物,有漂浮物,correct_both
00667.jpg,有漂浮物,有漂浮物,有漂浮物,correct_both
02121.jpg,乱占,乱占,乱占,correct_both
00000.jpg,有漂浮物,有漂浮物,有漂浮物,correct_both
00503.jpg,有漂浮物,有漂浮物,有漂浮物,correct_both
00060.jpg,有漂浮物,有漂浮物,有漂浮物,correct_both
00197.jpg,有漂浮物,有漂浮物,有漂浮物,correct_both
00842.jpg,有漂浮物,有漂浮物,有漂浮物,correct_both
02119.jpg,乱占,乱占,乱占,correct_both
00967.jpg,有漂浮物,有漂浮物,有漂浮物,correct_both
00700.jpg,有漂浮物,有漂浮物,有漂浮物,correct_both
00732.jpg,有漂浮物,有漂浮物,有漂浮物,correct_both
02069.jpg,乱采,乱采,乱采,correct_both
02064.jpg,乱采,乱采,乱采,correct_both
00972.jpg,有漂浮物,有漂浮物,有漂浮物,correct_both
00797.jpg,有漂浮物,有漂浮物,有漂浮物,correct_both
00184.jpg,有漂浮物,有漂浮物,有漂浮物,correct_both
00198.jpg,有漂浮物,有漂浮物,有漂浮物,correct_both
00805.jpg,有漂浮物,有漂浮物,有漂浮物,correct_both
00037.jpg,有漂浮物,有漂浮物,有漂浮物,correct_both
00558.jpg,有漂浮物,有漂浮物,有漂浮物,correct_both
01020.jpg,有漂浮物,有漂浮物,有漂浮物,correct_both
00643.jpg,有漂浮物,有漂浮物,有漂浮物,correct_both
00958.jpg,有漂浮物,有漂浮物,有漂浮物,correct_both
00683.jpg,有漂浮物,有漂浮物,有漂浮物,correct_both
00519.jpg,有漂浮物,有漂浮物,有漂浮物,correct_both
00811.jpg,有漂浮物,有漂浮物,有漂浮物,correct_both
00672.jpg,有漂浮物,有漂浮物,有漂浮物,correct_both
01126.jpg,有漂浮物,有漂浮物,有漂浮物,correct_both
00796.jpg,有漂浮物,有漂浮物,有漂浮物,correct_both
00602.jpg,有漂浮物,有漂浮物,有漂浮物,correct_both
00169.jpg,有漂浮物,有漂浮物,有漂浮物,correct_both
00906.jpg,有漂浮物,有漂浮物,有漂浮物,correct_both
00095.jpg,有漂浮物,有漂浮物,有漂浮物,correct_both
00572.jpg,有漂浮物,有漂浮物,有漂浮物,correct_both
00056.jpg,有漂浮物,有漂浮物,有漂浮物,correct_both
01211.jpg,有漂浮物,有漂浮物,有漂浮物,correct_both
00555.jpg,有漂浮物,有漂浮物,有漂浮物,correct_both
01003.jpg,有漂浮物,有漂浮物,有漂浮物,correct_both
00116.jpg,有漂浮物,有漂浮物,有漂浮物,correct_both
00722.jpg,有漂浮物,有漂浮物,有漂浮物,correct_both
00023.jpg,有漂浮物,有漂浮物,有漂浮物,correct_both
00834.jpg,有漂浮物,有漂浮物,有漂浮物,correct_both
00624.jpg,有漂浮物,有漂浮物,有漂浮物,correct_both
01031.jpg,有漂浮物,有漂浮物,有漂浮物,correct_both
01013.jpg,有漂浮物,有漂浮物,有漂浮物,correct_both
01038.jpg,有漂浮物,有漂浮物,有漂浮物,correct_both
00579.jpg,有漂浮物,有漂浮物,有漂浮物,correct_both
00052.jpg,有漂浮物,有漂浮物,有漂浮物,correct_both
02130.jpg,乱占,乱占,乱占,correct_both
00760.jpg,有漂浮物,有漂浮物,有漂浮物,correct_both
02489.jpg,有漂浮物,有漂浮物,乱建,persistent_error
01210.jpg,有漂浮物,有漂浮物,有漂浮物,correct_both
01041.jpg,有漂浮物,有漂浮物,有漂浮物,correct_both
02104.jpg,乱堆,乱堆,乱堆,correct_both
00957.jpg,有漂浮物,有漂浮物,有漂浮物,correct_both
00539.jpg,有漂浮物,有漂浮物,有漂浮物,correct_both
00720.jpg,有漂浮物,有漂浮物,有漂浮物,correct_both
00576.jpg,有漂浮物,有漂浮物,有漂浮物,correct_both
00204.jpg,有漂浮物,有漂浮物,有漂浮物,correct_both
00696.jpg,有漂浮物,有漂浮物,有漂浮物,correct_both
00215.jpg,有漂浮物,有漂浮物,有漂浮物,correct_both
00031.jpg,有漂浮物,有漂浮物,有漂浮物,correct_both
00857.jpg,有漂浮物,有漂浮物,有漂浮物,correct_both
00583.jpg,有漂浮物,有漂浮物,有漂浮物,correct_both
00084.jpg,有漂浮物,有漂浮物,有漂浮物,correct_both
00088.jpg,有漂浮物,有漂浮物,有漂浮物,correct_both
00948.jpg,有漂浮物,有漂浮物,有漂浮物,correct_both
00089.jpg,有漂浮物,有漂浮物,有漂浮物,correct_both
01223.jpg,有漂浮物,有漂浮物,有漂浮物,correct_both
00161.jpg,有漂浮物,有漂浮物,有漂浮物,correct_both
00033.jpg,有漂浮物,有漂浮物,有漂浮物,correct_both
00998.jpg,有漂浮物,有漂浮物,有漂浮物,correct_both
01132.jpg,有漂浮物,有漂浮物,有漂浮物,correct_both
00701.jpg,有漂浮物,有漂浮物,有漂浮物,correct_both
00812.jpg,有漂浮物,有漂浮物,有漂浮物,correct_both
01242.jpg,有漂浮物,有漂浮物,有漂浮物,correct_both
00899.jpg,有漂浮物,有漂浮物,有漂浮物,correct_both
01065.jpg,有漂浮物,有漂浮物,有漂浮物,correct_both
00712.jpg,有漂浮物,有漂浮物,有漂浮物,correct_both
00016.jpg,有漂浮物,有漂浮物,有漂浮物,correct_both
02048.jpg,乱占,乱占,乱占,correct_both
00190.jpg,有漂浮物,有漂浮物,有漂浮物,correct_both
00784.jpg,有漂浮物,有漂浮物,有漂浮物,correct_both
00040.jpg,有漂浮物,有漂浮物,有漂浮物,correct_both
00724.jpg,有漂浮物,有漂浮物,有漂浮物,correct_both
00011.jpg,有漂浮物,有漂浮物,有漂浮物,correct_both
00688.jpg,有漂浮物,有漂浮物,有漂浮物,correct_both
01014.jpg,有漂浮物,有漂浮物,有漂浮物,correct_both
00574.jpg,有漂浮物,有漂浮物,有漂浮物,correct_both
00757.jpg,乱占,乱占,有漂浮物,persistent_error
00779.jpg,有漂浮物,有漂浮物,有漂浮物,correct_both
01066.jpg,有漂浮物,有漂浮物,有漂浮物,correct_both
00178.jpg,有漂浮物,有漂浮物,有漂浮物,correct_both
00549.jpg,有漂浮物,有漂浮物,有漂浮物,correct_both
01029.jpg,有漂浮物,有漂浮物,有漂浮物,correct_both
00737.jpg,有漂浮物,有漂浮物,有漂浮物,correct_both
01149.jpg,有漂浮物,有漂浮物,有漂浮物,correct_both
00697.jpg,有漂浮物,有漂浮物,有漂浮物,correct_both
02106.jpg,乱堆,乱堆,乱堆,correct_both
00212.jpg,有漂浮物,有漂浮物,有漂浮物,correct_both
00980.jpg,有漂浮物,有漂浮物,有漂浮物,correct_both
00221.jpg,有漂浮物,有漂浮物,有漂浮物,correct_both
00086.jpg,有漂浮物,有漂浮物,有漂浮物,correct_both
00460.jpg,有漂浮物,有漂浮物,有漂浮物,correct_both
00069.jpg,有漂浮物,有漂浮物,有漂浮物,correct_both
00708.jpg,有漂浮物,有漂浮物,有漂浮物,correct_both
00954.jpg,有漂浮物,有漂浮物,有漂浮物,correct_both
00685.jpg,有漂浮物,有漂浮物,有漂浮物,correct_both
00022.jpg,有漂浮物,有漂浮物,有漂浮物,correct_both
00706.jpg,有漂浮物,有漂浮物,有漂浮物,correct_both
02055.jpg,乱采,乱采,乱采,correct_both
00607.jpg,有漂浮物,有漂浮物,有漂浮物,correct_both
00727.jpg,有漂浮物,有漂浮物,有漂浮物,correct_both
02101.jpg,乱堆,乱堆,乱堆,correct_both
00651.jpg,有漂浮物,有漂浮物,有漂浮物,correct_both
00094.jpg,有漂浮物,有漂浮物,有漂浮物,correct_both
01226.jpg,有漂浮物,有漂浮物,有漂浮物,correct_both
00008.jpg,有漂浮物,有漂浮物,有漂浮物,correct_both
00208.jpg,有漂浮物,有漂浮物,有漂浮物,correct_both
00798.jpg,有漂浮物,有漂浮物,有漂浮物,correct_both
00187.jpg,有漂浮物,有漂浮物,有漂浮物,correct_both
00815.jpg,有漂浮物,有漂浮物,有漂浮物,correct_both
02083.jpg,乱占,乱占,乱占,correct_both
00217.jpg,有漂浮物,有漂浮物,有漂浮物,correct_both
00874.jpg,有漂浮物,有漂浮物,有漂浮物,correct_both
01228.jpg,有漂浮物,有漂浮物,有漂浮物,correct_both
00228.jpg,有漂浮物,有漂浮物,有漂浮物,correct_both
02134.jpg,乱占,乱占,乱占,correct_both
00564.jpg,有漂浮物,有漂浮物,有漂浮物,correct_both
00551.jpg,有漂浮物,有漂浮物,有漂浮物,correct_both
00654.jpg,有漂浮物,有漂浮物,有漂浮物,correct_both
00714.jpg,有漂浮物,有漂浮物,有漂浮物,correct_both
01133.jpg,有漂浮物,有漂浮物,有漂浮物,correct_both
00653.jpg,有漂浮物,有漂浮物,有漂浮物,correct_both
01076.jpg,有漂浮物,有漂浮物,有漂浮物,correct_both
02112.jpg,乱占,乱占,乱占,correct_both
00032.jpg,有漂浮物,有漂浮物,有漂浮物,correct_both
00453.jpg,有漂浮物,有漂浮物,有漂浮物,correct_both
02146.jpg,乱占,乱占,乱占,correct_both
00479.jpg,有漂浮物,有漂浮物,有漂浮物,correct_both
00793.jpg,有漂浮物,有漂浮物,有漂浮物,correct_both
01157.jpg,有漂浮物,有漂浮物,有漂浮物,correct_both
01022.jpg,有漂浮物,有漂浮物,有漂浮物,correct_both
00679.jpg,有漂浮物,有漂浮物,有漂浮物,correct_both
00536.jpg,有漂浮物,有漂浮物,有漂浮物,correct_both
01167.jpg,有漂浮物,有漂浮物,有漂浮物,correct_both
02139.jpg,乱堆,乱堆,乱堆,correct_both
00565.jpg,有漂浮物,有漂浮物,有漂浮物,correct_both
01103.jpg,有漂浮物,有漂浮物,有漂浮物,correct_both
00956.jpg,有漂浮物,有漂浮物,有漂浮物,correct_both
00544.jpg,有漂浮物,有漂浮物,有漂浮物,correct_both
02072.jpg,乱占,乱占,乱占,correct_both
00180.jpg,有漂浮物,有漂浮物,有漂浮物,correct_both
00524.jpg,有漂浮物,有漂浮物,有漂浮物,correct_both
00071.jpg,有漂浮物,有漂浮物,有漂浮物,correct_both
00818.jpg,有漂浮物,有漂浮物,有漂浮物,correct_both
00170.jpg,有漂浮物,有漂浮物,有漂浮物,correct_both
00053.jpg,有漂浮物,有漂浮物,有漂浮物,correct_both
00148.jpg,有漂浮物,有漂浮物,有漂浮物,correct_both
02060.jpg,乱堆,乱堆,乱堆,correct_both
01018.jpg,有漂浮物,有漂浮物,有漂浮物,correct_both
01072.jpg,有漂浮物,有漂浮物,有漂浮物,correct_both
00982.jpg,有漂浮物,有漂浮物,有漂浮物,correct_both
01070.jpg,有漂浮物,有漂浮物,有漂浮物,correct_both
00025.jpg,有漂浮物,有漂浮物,有漂浮物,correct_both
00029.jpg,有漂浮物,有漂浮物,有漂浮物,correct_both
00689.jpg,有漂浮物,有漂浮物,有漂浮物,correct_both
01094.jpg,有漂浮物,有漂浮物,有漂浮物,correct_both
01121.jpg,有漂浮物,有漂浮物,有漂浮物,correct_both
00168.jpg,有漂浮物,有漂浮物,有漂浮物,correct_both
00677.jpg,有漂浮物,有漂浮物,有漂浮物,correct_both
00974.jpg,有漂浮物,有漂浮物,有漂浮物,correct_both
00989.jpg,有漂浮物,有漂浮物,有漂浮物,correct_both
01165.jpg,有漂浮物,有漂浮物,有漂浮物,correct_both
00905.jpg,有漂浮物,有漂浮物,有漂浮物,correct_both
02125.jpg,乱采,乱采,乱采,correct_both
00659.jpg,有漂浮物,有漂浮物,有漂浮物,correct_both
00051.jpg,有漂浮物,有漂浮物,有漂浮物,correct_both
00540.jpg,有漂浮物,有漂浮物,有漂浮物,correct_both
00500.jpg,有漂浮物,有漂浮物,有漂浮物,correct_both
00587.jpg,有漂浮物,有漂浮物,有漂浮物,correct_both
00723.jpg,有漂浮物,有漂浮物,有漂浮物,correct_both
00806.jpg,有漂浮物,有漂浮物,有漂浮物,correct_both
02098.jpg,乱堆,乱堆,乱堆,correct_both
00034.jpg,有漂浮物,有漂浮物,有漂浮物,correct_both
00137.jpg,有漂浮物,有漂浮物,有漂浮物,correct_both
00932.jpg,有漂浮物,有漂浮物,有漂浮物,correct_both
02067.jpg,乱采,乱采,乱采,correct_both
00499.jpg,有漂浮物,有漂浮物,有漂浮物,correct_both
01053.jpg,有漂浮物,有漂浮物,有漂浮物,correct_both
00709.jpg,有漂浮物,有漂浮物,有漂浮物,correct_both
00983.jpg,有漂浮物,有漂浮物,有漂浮物,correct_both
01207.jpg,有漂浮物,有漂浮物,有漂浮物,correct_both
00841.jpg,有漂浮物,有漂浮物,有漂浮物,correct_both
00005.jpg,有漂浮物,有漂浮物,有漂浮物,correct_both
00090.jpg,有漂浮物,有漂浮物,有漂浮物,correct_both
00510.jpg,有漂浮物,有漂浮物,有漂浮物,correct_both
01190.jpg,有漂浮物,有漂浮物,有漂浮物,correct_both
00845.jpg,有漂浮物,有漂浮物,有漂浮物,correct_both
00074.jpg,有漂浮物,有漂浮物,有漂浮物,correct_both
02057.jpg,乱采,乱采,乱采,correct_both
00484.jpg,有漂浮物,有漂浮物,有漂浮物,correct_both
01064.jpg,有漂浮物,有漂浮物,有漂浮物,correct_both
02486.jpg,乱占,乱占,乱建,persistent_error
00046.jpg,有漂浮物,有漂浮物,有漂浮物,correct_both
00150.jpg,有漂浮物,有漂浮物,有漂浮物,correct_both
00914.jpg,有漂浮物,有漂浮物,有漂浮物,correct_both
00986.jpg,有漂浮物,有漂浮物,有漂浮物,correct_both
00705.jpg,有漂浮物,有漂浮物,有漂浮物,correct_both
00942.jpg,有漂浮物,有漂浮物,有漂浮物,correct_both
00615.jpg,有漂浮物,有漂浮物,有漂浮物,correct_both
00192.jpg,有漂浮物,有漂浮物,有漂浮物,correct_both
00888.jpg,有漂浮物,有漂浮物,有漂浮物,correct_both
02149.jpg,乱占,乱占,乱占,correct_both
00863.jpg,有漂浮物,有漂浮物,有漂浮物,correct_both
00093.jpg,有漂浮物,有漂浮物,有漂浮物,correct_both
00588.jpg,有漂浮物,有漂浮物,有漂浮物,correct_both
01028.jpg,有漂浮物,有漂浮物,有漂浮物,correct_both
02147.jpg,乱占,乱占,乱占,correct_both
01168.jpg,有漂浮物,有漂浮物,有漂浮物,correct_both
00626.jpg,有漂浮物,有漂浮物,有漂浮物,correct_both
00773.jpg,有漂浮物,有漂浮物,有漂浮物,correct_both
00520.jpg,有漂浮物,有漂浮物,有漂浮物,correct_both
00044.jpg,有漂浮物,有漂浮物,有漂浮物,correct_both
00233.jpg,有漂浮物,有漂浮物,有漂浮物,correct_both
00525.jpg,有漂浮物,有漂浮物,有漂浮物,correct_both
01093.jpg,有漂浮物,有漂浮物,有漂浮物,correct_both
00059.jpg,有漂浮物,有漂浮物,有漂浮物,correct_both
00702.jpg,有漂浮物,有漂浮物,有漂浮物,correct_both
00223.jpg,有漂浮物,有漂浮物,有漂浮物,correct_both
00145.jpg,有漂浮物,有漂浮物,有漂浮物,correct_both
00692.jpg,有漂浮物,有漂浮物,有漂浮物,correct_both
00454.jpg,有漂浮物,有漂浮物,有漂浮物,correct_both
00445.jpg,有漂浮物,有漂浮物,有漂浮物,correct_both
00647.jpg,有漂浮物,有漂浮物,有漂浮物,correct_both
00704.jpg,有漂浮物,有漂浮物,有漂浮物,correct_both
00497.jpg,有漂浮物,有漂浮物,有漂浮物,correct_both
00715.jpg,有漂浮物,有漂浮物,有漂浮物,correct_both
00158.jpg,有漂浮物,有漂浮物,有漂浮物,correct_both
00575.jpg,有漂浮物,有漂浮物,有漂浮物,correct_both
00129.jpg,有漂浮物,有漂浮物,有漂浮物,correct_both
00823.jpg,有漂浮物,有漂浮物,有漂浮物,correct_both
00573.jpg,有漂浮物,有漂浮物,有漂浮物,correct_both
00618.jpg,有漂浮物,有漂浮物,有漂浮物,correct_both
00557.jpg,有漂浮物,有漂浮物,有漂浮物,correct_both
00876.jpg,有漂浮物,有漂浮物,有漂浮物,correct_both
00135.jpg,有漂浮物,有漂浮物,有漂浮物,correct_both
00781.jpg,有漂浮物,有漂浮物,有漂浮物,correct_both
00665.jpg,有漂浮物,有漂浮物,有漂浮物,correct_both
01146.jpg,有漂浮物,有漂浮物,有漂浮物,correct_both
00462.jpg,有漂浮物,有漂浮物,有漂浮物,correct_both
00207.jpg,有漂浮物,有漂浮物,有漂浮物,correct_both
00762.jpg,有漂浮物,有漂浮物,有漂浮物,correct_both
02077.jpg,乱占,乱占,乱占,correct_both
00181.jpg,有漂浮物,有漂浮物,有漂浮物,correct_both
00473.jpg,有漂浮物,有漂浮物,有漂浮物,correct_both
00125.jpg,有漂浮物,有漂浮物,有漂浮物,correct_both
02084.jpg,乱占,乱占,乱占,correct_both
00911.jpg,有漂浮物,有漂浮物,有漂浮物,correct_both
00224.jpg,有漂浮物,有漂浮物,有漂浮物,correct_both
00578.jpg,有漂浮物,有漂浮物,有漂浮物,correct_both
02120.jpg,乱占,乱占,乱占,correct_both
00004.jpg,有漂浮物,有漂浮物,有漂浮物,correct_both
01219.jpg,有漂浮物,有漂浮物,有漂浮物,correct_both
00963.jpg,有漂浮物,有漂浮物,有漂浮物,correct_both
00644.jpg,有漂浮物,有漂浮物,有漂浮物,correct_both
02085.jpg,有漂浮物,有漂浮物,乱占,persistent_error
00716.jpg,有漂浮物,有漂浮物,有漂浮物,correct_both
00561.jpg,有漂浮物,有漂浮物,有漂浮物,correct_both
00203.jpg,有漂浮物,有漂浮物,有漂浮物,correct_both
00459.jpg,有漂浮物,有漂浮物,有漂浮物,correct_both
00619.jpg,有漂浮物,有漂浮物,有漂浮物,correct_both
00978.jpg,有漂浮物,有漂浮物,有漂浮物,correct_both
02109.jpg,乱堆,乱堆,乱堆,correct_both
00616.jpg,有漂浮物,有漂浮物,有漂浮物,correct_both
00881.jpg,有漂浮物,有漂浮物,有漂浮物,correct_both
00122.jpg,有漂浮物,有漂浮物,有漂浮物,correct_both
00858.jpg,有漂浮物,有漂浮物,有漂浮物,correct_both
01124.jpg,有漂浮物,有漂浮物,有漂浮物,correct_both
01201.jpg,有漂浮物,有漂浮物,有漂浮物,correct_both
00746.jpg,有漂浮物,有漂浮物,有漂浮物,correct_both
01115.jpg,有漂浮物,有漂浮物,有漂浮物,correct_both
00173.jpg,有漂浮物,有漂浮物,有漂浮物,correct_both
00748.jpg,有漂浮物,有漂浮物,有漂浮物,correct_both
00636.jpg,有漂浮物,有漂浮物,有漂浮物,correct_both
01057.jpg,有漂浮物,有漂浮物,有漂浮物,correct_both
01125.jpg,有漂浮物,有漂浮物,有漂浮物,correct_both
00140.jpg,有漂浮物,有漂浮物,有漂浮物,correct_both
00210.jpg,有漂浮物,有漂浮物,有漂浮物,correct_both
00530.jpg,有漂浮物,有漂浮物,有漂浮物,correct_both
00218.jpg,有漂浮物,有漂浮物,有漂浮物,correct_both
00493.jpg,有漂浮物,有漂浮物,有漂浮物,correct_both
00622.jpg,有漂浮物,有漂浮物,有漂浮物,correct_both
01005.jpg,有漂浮物,有漂浮物,有漂浮物,correct_both
02066.jpg,乱采,乱采,乱采,correct_both
00464.jpg,有漂浮物,有漂浮物,有漂浮物,correct_both
00543.jpg,有漂浮物,有漂浮物,有漂浮物,correct_both
00916.jpg,有漂浮物,有漂浮物,有漂浮物,correct_both
00127.jpg,有漂浮物,有漂浮物,有漂浮物,correct_both
00840.jpg,有漂浮物,有漂浮物,有漂浮物,correct_both
00511.jpg,有漂浮物,有漂浮物,有漂浮物,correct_both
01154.jpg,有漂浮物,有漂浮物,有漂浮物,correct_both
02131.jpg,乱占,乱占,乱占,correct_both
00743.jpg,有漂浮物,有漂浮物,有漂浮物,correct_both
00114.jpg,有漂浮物,有漂浮物,正常,persistent_error
01099.jpg,有漂浮物,有漂浮物,有漂浮物,correct_both
00183.jpg,有漂浮物,有漂浮物,有漂浮物,correct_both
01186.jpg,有漂浮物,有漂浮物,有漂浮物,correct_both
00568.jpg,有漂浮物,有漂浮物,有漂浮物,correct_both
00789.jpg,有漂浮物,有漂浮物,有漂浮物,correct_both
00100.jpg,有漂浮物,有漂浮物,正常,persistent_error
02053.jpg,乱采,乱采,乱采,correct_both
00559.jpg,有漂浮物,有漂浮物,有漂浮物,correct_both
00693.jpg,有漂浮物,有漂浮物,有漂浮物,correct_both
02115.jpg,乱占,乱占,乱占,correct_both
00943.jpg,有漂浮物,有漂浮物,有漂浮物,correct_both
00882.jpg,有漂浮物,有漂浮物,有漂浮物,correct_both
01160.jpg,有漂浮物,有漂浮物,有漂浮物,correct_both
01016.jpg,有漂浮物,有漂浮物,有漂浮物,correct_both
01009.jpg,有漂浮物,有漂浮物,有漂浮物,correct_both
01148.jpg,有漂浮物,有漂浮物,有漂浮物,correct_both
01140.jpg,有漂浮物,有漂浮物,有漂浮物,correct_both
00124.jpg,有漂浮物,有漂浮物,有漂浮物,correct_both
00546.jpg,有漂浮物,有漂浮物,有漂浮物,correct_both
00553.jpg,有漂浮物,有漂浮物,有漂浮物,correct_both
00630.jpg,有漂浮物,有漂浮物,有漂浮物,correct_both
01119.jpg,有漂浮物,有漂浮物,有漂浮物,correct_both
00713.jpg,有漂浮物,有漂浮物,有漂浮物,correct_both
00451.jpg,有漂浮物,有漂浮物,有漂浮物,correct_both
01239.jpg,有漂浮物,有漂浮物,有漂浮物,correct_both
00844.jpg,有漂浮物,有漂浮物,有漂浮物,correct_both
00721.jpg,有漂浮物,有漂浮物,有漂浮物,correct_both
00670.jpg,有漂浮物,有漂浮物,有漂浮物,correct_both
00949.jpg,有漂浮物,有漂浮物,有漂浮物,correct_both
00673.jpg,有漂浮物,有漂浮物,有漂浮物,correct_both
00814.jpg,有漂浮物,有漂浮物,有漂浮物,correct_both
00598.jpg,有漂浮物,有漂浮物,有漂浮物,correct_both
01062.jpg,有漂浮物,有漂浮物,有漂浮物,correct_both
00186.jpg,有漂浮物,有漂浮物,有漂浮物,correct_both
02140.jpg,乱堆,乱堆,乱堆,correct_both
02073.jpg,乱占,乱占,乱占,correct_both
01023.jpg,有漂浮物,有漂浮物,有漂浮物,correct_both
01152.jpg,有漂浮物,有漂浮物,有漂浮物,correct_both
00808.jpg,有漂浮物,有漂浮物,有漂浮物,correct_both
00767.jpg,有漂浮物,有漂浮物,有漂浮物,correct_both
00475.jpg,有漂浮物,有漂浮物,有漂浮物,correct_both
00567.jpg,有漂浮物,有漂浮物,有漂浮物,correct_both
01222.jpg,有漂浮物,有漂浮物,有漂浮物,correct_both
00884.jpg,有漂浮物,有漂浮物,有漂浮物,correct_both
00118.jpg,有漂浮物,有漂浮物,有漂浮物,correct_both
01216.jpg,有漂浮物,有漂浮物,有漂浮物,correct_both
00466.jpg,有漂浮物,有漂浮物,有漂浮物,correct_both
00807.jpg,有漂浮物,有漂浮物,有漂浮物,correct_both
02128.jpg,乱占,乱占,乱占,correct_both
00934.jpg,有漂浮物,有漂浮物,有漂浮物,correct_both
01055.jpg,有漂浮物,有漂浮物,有漂浮物,correct_both
00130.jpg,有漂浮物,有漂浮物,有漂浮物,correct_both
00666.jpg,有漂浮物,有漂浮物,有漂浮物,correct_both
00788.jpg,有漂浮物,有漂浮物,有漂浮物,correct_both
00444.jpg,有漂浮物,有漂浮物,有漂浮物,correct_both
01087.jpg,有漂浮物,有漂浮物,有漂浮物,correct_both
00534.jpg,有漂浮物,有漂浮物,有漂浮物,correct_both
00634.jpg,有漂浮物,有漂浮物,有漂浮物,correct_both
00961.jpg,有漂浮物,有漂浮物,有漂浮物,correct_both
00778.jpg,有漂浮物,有漂浮物,有漂浮物,correct_both
01081.jpg,有漂浮物,有漂浮物,有漂浮物,correct_both
00938.jpg,有漂浮物,有漂浮物,有漂浮物,correct_both
00703.jpg,有漂浮物,有漂浮物,有漂浮物,correct_both
02052.jpg,乱采,乱采,乱采,correct_both
00123.jpg,有漂浮物,有漂浮物,有漂浮物,correct_both
00848.jpg,有漂浮物,有漂浮物,有漂浮物,correct_both
00928.jpg,有漂浮物,有漂浮物,有漂浮物,correct_both
00625.jpg,有漂浮物,有漂浮物,有漂浮物,correct_both
00994.jpg,有漂浮物,有漂浮物,有漂浮物,correct_both
01174.jpg,有漂浮物,有漂浮物,有漂浮物,correct_both
01204.jpg,有漂浮物,有漂浮物,有漂浮物,correct_both
00041.jpg,有漂浮物,有漂浮物,有漂浮物,correct_both
00885.jpg,有漂浮物,有漂浮物,有漂浮物,correct_both
00117.jpg,有漂浮物,有漂浮物,有漂浮物,correct_both
00486.jpg,有漂浮物,有漂浮物,有漂浮物,correct_both
00944.jpg,有漂浮物,有漂浮物,有漂浮物,correct_both
00070.jpg,有漂浮物,有漂浮物,有漂浮物,correct_both
02100.jpg,乱堆,乱堆,乱堆,correct_both
00157.jpg,有漂浮物,有漂浮物,有漂浮物,correct_both
00816.jpg,有漂浮物,有漂浮物,有漂浮物,correct_both
00648.jpg,有漂浮物,有漂浮物,有漂浮物,correct_both
00828.jpg,有漂浮物,有漂浮物,有漂浮物,correct_both
01188.jpg,有漂浮物,有漂浮物,有漂浮物,correct_both
00478.jpg,有漂浮物,有漂浮物,有漂浮物,correct_both
00205.jpg,有漂浮物,有漂浮物,有漂浮物,correct_both
00042.jpg,有漂浮物,有漂浮物,有漂浮物,correct_both
01111.jpg,有漂浮物,有漂浮物,有漂浮物,correct_both
00650.jpg,有漂浮物,有漂浮物,有漂浮物,correct_both
00719.jpg,有漂浮物,有漂浮物,有漂浮物,correct_both
01050.jpg,有漂浮物,有漂浮物,有漂浮物,correct_both
00106.jpg,有漂浮物,有漂浮物,有漂浮物,correct_both
00854.jpg,有漂浮物,有漂浮物,有漂浮物,correct_both
00981.jpg,有漂浮物,有漂浮物,有漂浮物,correct_both
01240.jpg,有漂浮物,有漂浮物,有漂浮物,correct_both
00491.jpg,有漂浮物,有漂浮物,有漂浮物,correct_both
00115.jpg,有漂浮物,有漂浮物,有漂浮物,correct_both
02093.jpg,乱采,乱采,乱采,correct_both
00226.jpg,有漂浮物,有漂浮物,有漂浮物,correct_both
01073.jpg,有漂浮物,有漂浮物,有漂浮物,correct_both
01144.jpg,有漂浮物,有漂浮物,有漂浮物,correct_both
00002.jpg,有漂浮物,有漂浮物,有漂浮物,correct_both
01221.jpg,有漂浮物,有漂浮物,有漂浮物,correct_both
00554.jpg,有漂浮物,有漂浮物,有漂浮物,correct_both
00871.jpg,有漂浮物,有漂浮物,有漂浮物,correct_both
00582.jpg,有漂浮物,有漂浮物,有漂浮物,correct_both
01145.jpg,有漂浮物,有漂浮物,有漂浮物,correct_both
01035.jpg,有漂浮物,有漂浮物,有漂浮物,correct_both
01044.jpg,有漂浮物,有漂浮物,有漂浮物,correct_both
02050.jpg,乱占,乱占,乱占,correct_both
00010.jpg,有漂浮物,有漂浮物,有漂浮物,correct_both
02127.jpg,乱占,乱占,乱占,correct_both
00055.jpg,有漂浮物,有漂浮物,有漂浮物,correct_both
01036.jpg,有漂浮物,有漂浮物,有漂浮物,correct_both
00763.jpg,有漂浮物,有漂浮物,有漂浮物,correct_both
00912.jpg,有漂浮物,有漂浮物,有漂浮物,correct_both
00214.jpg,有漂浮物,有漂浮物,有漂浮物,correct_both
00891.jpg,有漂浮物,有漂浮物,有漂浮物,correct_both
00523.jpg,有漂浮物,有漂浮物,有漂浮物,correct_both
00777.jpg,有漂浮物,有漂浮物,有漂浮物,correct_both
00550.jpg,有漂浮物,有漂浮物,有漂浮物,correct_both
00640.jpg,有漂浮物,有漂浮物,有漂浮物,correct_both
00919.jpg,有漂浮物,有漂浮物,有漂浮物,correct_both
00508.jpg,有漂浮物,有漂浮物,有漂浮物,correct_both
00837.jpg,有漂浮物,有漂浮物,有漂浮物,correct_both
00175.jpg,有漂浮物,有漂浮物,有漂浮物,correct_both
00671.jpg,有漂浮物,有漂浮物,有漂浮物,correct_both
00951.jpg,有漂浮物,有漂浮物,有漂浮物,correct_both
00592.jpg,有漂浮物,有漂浮物,有漂浮物,correct_both
00886.jpg,有漂浮物,有漂浮物,有漂浮物,correct_both
02094.jpg,乱采,乱采,乱采,correct_both
00537.jpg,有漂浮物,有漂浮物,有漂浮物,correct_both
02122.jpg,乱堆,乱堆,乱堆,correct_both
01017.jpg,有漂浮物,有漂浮物,有漂浮物,correct_both
00850.jpg,有漂浮物,有漂浮物,有漂浮物,correct_both
00801.jpg,有漂浮物,有漂浮物,有漂浮物,correct_both
00810.jpg,有漂浮物,有漂浮物,有漂浮物,correct_both
00058.jpg,有漂浮物,有漂浮物,有漂浮物,correct_both
01104.jpg,有漂浮物,有漂浮物,有漂浮物,correct_both
02079.jpg,乱占,乱占,乱占,correct_both
02138.jpg,乱堆,乱堆,乱堆,correct_both
00736.jpg,有漂浮物,有漂浮物,有漂浮物,correct_both
00770.jpg,有漂浮物,有漂浮物,有漂浮物,correct_both
00531.jpg,有漂浮物,有漂浮物,有漂浮物,correct_both
00883.jpg,有漂浮物,有漂浮物,有漂浮物,correct_both
01225.jpg,有漂浮物,有漂浮物,有漂浮物,correct_both
00038.jpg,有漂浮物,有漂浮物,有漂浮物,correct_both
00868.jpg,有漂浮物,有漂浮物,有漂浮物,correct_both
00230.jpg,有漂浮物,有漂浮物,有漂浮物,correct_both
02058.jpg,乱占,乱占,乱占,correct_both
01063.jpg,有漂浮物,有漂浮物,有漂浮物,correct_both
02091.jpg,乱占,乱占,乱占,correct_both
02065.jpg,乱采,乱采,乱采,correct_both
00151.jpg,有漂浮物,有漂浮物,有漂浮物,correct_both
00195.jpg,有漂浮物,有漂浮物,有漂浮物,correct_both
01027.jpg,有漂浮物,有漂浮物,有漂浮物,correct_both
00878.jpg,有漂浮物,有漂浮物,有漂浮物,correct_both
00521.jpg,有漂浮物,有漂浮物,有漂浮物,correct_both
01004.jpg,有漂浮物,有漂浮物,有漂浮物,correct_both
00866.jpg,有漂浮物,有漂浮物,有漂浮物,correct_both
01162.jpg,有漂浮物,有漂浮物,有漂浮物,correct_both
02062.jpg,有漂浮物,有漂浮物,乱占,persistent_error
00138.jpg,有漂浮物,有漂浮物,有漂浮物,correct_both
01183.jpg,有漂浮物,有漂浮物,有漂浮物,correct_both
00211.jpg,有漂浮物,有漂浮物,有漂浮物,correct_both
01043.jpg,有漂浮物,有漂浮物,有漂浮物,correct_both
01159.jpg,有漂浮物,有漂浮物,有漂浮物,correct_both
00015.jpg,有漂浮物,有漂浮物,有漂浮物,correct_both
00099.jpg,有漂浮物,有漂浮物,有漂浮物,correct_both
00449.jpg,有漂浮物,有漂浮物,有漂浮物,correct_both
00447.jpg,有漂浮物,有漂浮物,有漂浮物,correct_both
01092.jpg,有漂浮物,有漂浮物,有漂浮物,correct_both
00514.jpg,有漂浮物,有漂浮物,有漂浮物,correct_both
00629.jpg,有漂浮物,有漂浮物,有漂浮物,correct_both
00959.jpg,有漂浮物,有漂浮物,有漂浮物,correct_both
01218.jpg,有漂浮物,有漂浮物,有漂浮物,correct_both
00678.jpg,有漂浮物,有漂浮物,有漂浮物,correct_both
00182.jpg,有漂浮物,有漂浮物,有漂浮物,correct_both
00471.jpg,有漂浮物,有漂浮物,有漂浮物,correct_both
01178.jpg,有漂浮物,有漂浮物,有漂浮物,correct_both
00638.jpg,有漂浮物,有漂浮物,有漂浮物,correct_both
01185.jpg,有漂浮物,有漂浮物,有漂浮物,correct_both
00489.jpg,有漂浮物,有漂浮物,有漂浮物,correct_both
01202.jpg,有漂浮物,有漂浮物,有漂浮物,correct_both
00631.jpg,有漂浮物,有漂浮物,有漂浮物,correct_both
00859.jpg,有漂浮物,有漂浮物,有漂浮物,correct_both
00898.jpg,有漂浮物,有漂浮物,有漂浮物,correct_both
00843.jpg,有漂浮物,有漂浮物,有漂浮物,correct_both
00684.jpg,有漂浮物,有漂浮物,有漂浮物,correct_both
00591.jpg,有漂浮物,有漂浮物,有漂浮物,correct_both
00924.jpg,有漂浮物,有漂浮物,有漂浮物,correct_both
02097.jpg,乱堆,乱堆,乱堆,correct_both
00092.jpg,有漂浮物,有漂浮物,有漂浮物,correct_both
01151.jpg,有漂浮物,有漂浮物,有漂浮物,correct_both
01213.jpg,有漂浮物,有漂浮物,有漂浮物,correct_both
01034.jpg,有漂浮物,有漂浮物,有漂浮物,correct_both
00680.jpg,有漂浮物,有漂浮物,有漂浮物,correct_both
00780.jpg,有漂浮物,有漂浮物,有漂浮物,correct_both
00718.jpg,有漂浮物,有漂浮物,有漂浮物,correct_both
00545.jpg,有漂浮物,有漂浮物,有漂浮物,correct_both
00645.jpg,有漂浮物,有漂浮物,有漂浮物,correct_both
00200.jpg,有漂浮物,有漂浮物,有漂浮物,correct_both
00179.jpg,有漂浮物,有漂浮物,有漂浮物,correct_both
00201.jpg,有漂浮物,有漂浮物,有漂浮物,correct_both
00787.jpg,有漂浮物,有漂浮物,有漂浮物,correct_both
02051.jpg,乱占,乱占,乱占,correct_both
00991.jpg,有漂浮物,有漂浮物,有漂浮物,correct_both
00971.jpg,有漂浮物,有漂浮物,有漂浮物,correct_both
00027.jpg,有漂浮物,有漂浮物,有漂浮物,correct_both
00739.jpg,有漂浮物,有漂浮物,有漂浮物,correct_both
01078.jpg,有漂浮物,有漂浮物,有漂浮物,correct_both
01193.jpg,有漂浮物,有漂浮物,有漂浮物,correct_both
00999.jpg,有漂浮物,有漂浮物,有漂浮物,correct_both
01182.jpg,有漂浮物,有漂浮物,有漂浮物,correct_both
01197.jpg,有漂浮物,有漂浮物,有漂浮物,correct_both
02095.jpg,乱采,乱采,乱采,correct_both
00635.jpg,有漂浮物,有漂浮物,有漂浮物,correct_both
01235.jpg,有漂浮物,有漂浮物,有漂浮物,correct_both
00698.jpg,有漂浮物,有漂浮物,有漂浮物,correct_both
01025.jpg,有漂浮物,有漂浮物,有漂浮物,correct_both
02046.jpg,乱占,乱占,乱占,correct_both
00496.jpg,有漂浮物,有漂浮物,有漂浮物,correct_both
00075.jpg,有漂浮物,有漂浮物,有漂浮物,correct_both
00836.jpg,有漂浮物,有漂浮物,有漂浮物,correct_both
00900.jpg,有漂浮物,有漂浮物,有漂浮物,correct_both
00902.jpg,有漂浮物,有漂浮物,有漂浮物,correct_both
00786.jpg,有漂浮物,有漂浮物,有漂浮物,correct_both
00518.jpg,有漂浮物,有漂浮物,有漂浮物,correct_both
00893.jpg,有漂浮物,有漂浮物,有漂浮物,correct_both
00020.jpg,乱占,有漂浮物,有漂浮物,resolved_error
00872.jpg,有漂浮物,有漂浮物,有漂浮物,correct_both
00467.jpg,有漂浮物,有漂浮物,有漂浮物,correct_both
01114.jpg,有漂浮物,有漂浮物,有漂浮物,correct_both
00465.jpg,有漂浮物,有漂浮物,有漂浮物,correct_both
02082.jpg,乱占,乱占,乱占,correct_both
00502.jpg,有漂浮物,有漂浮物,有漂浮物,correct_both
01061.jpg,有漂浮物,有漂浮物,有漂浮物,correct_both
00738.jpg,有漂浮物,有漂浮物,有漂浮物,correct_both
00483.jpg,有漂浮物,有漂浮物,有漂浮物,correct_both
01136.jpg,有漂浮物,有漂浮物,有漂浮物,correct_both
00139.jpg,有漂浮物,有漂浮物,有漂浮物,correct_both
00495.jpg,有漂浮物,有漂浮物,有漂浮物,correct_both
00142.jpg,有漂浮物,有漂浮物,有漂浮物,correct_both
00711.jpg,有漂浮物,有漂浮物,有漂浮物,correct_both
00847.jpg,有漂浮物,有漂浮物,有漂浮物,correct_both
00733.jpg,有漂浮物,有漂浮物,有漂浮物,correct_both
01086.jpg,有漂浮物,有漂浮物,正常,persistent_error
00663.jpg,有漂浮物,有漂浮物,有漂浮物,correct_both
00488.jpg,有漂浮物,有漂浮物,有漂浮物,correct_both
00995.jpg,有漂浮物,有漂浮物,有漂浮物,correct_both
00687.jpg,有漂浮物,有漂浮物,有漂浮物,correct_both
01082.jpg,有漂浮物,有漂浮物,有漂浮物,correct_both
00726.jpg,有漂浮物,有漂浮物,有漂浮物,correct_both
00908.jpg,有漂浮物,有漂浮物,有漂浮物,correct_both
00839.jpg,有漂浮物,有漂浮物,有漂浮物,correct_both
00717.jpg,有漂浮物,有漂浮物,有漂浮物,correct_both
00655.jpg,有漂浮物,有漂浮物,有漂浮物,correct_both
00202.jpg,有漂浮物,有漂浮物,有漂浮物,correct_both
00532.jpg,有漂浮物,有漂浮物,有漂浮物,correct_both
01069.jpg,有漂浮物,有漂浮物,有漂浮物,correct_both
00097.jpg,有漂浮物,有漂浮物,有漂浮物,correct_both
00620.jpg,有漂浮物,有漂浮物,有漂浮物,correct_both
00450.jpg,有漂浮物,有漂浮物,有漂浮物,correct_both
00913.jpg,有漂浮物,有漂浮物,有漂浮物,correct_both
00047.jpg,有漂浮物,有漂浮物,有漂浮物,correct_both
01091.jpg,有漂浮物,有漂浮物,有漂浮物,correct_both
00472.jpg,有漂浮物,有漂浮物,有漂浮物,correct_both
01129.jpg,有漂浮物,有漂浮物,有漂浮物,correct_both
00813.jpg,有漂浮物,有漂浮物,有漂浮物,correct_both
01113.jpg,有漂浮物,有漂浮物,有漂浮物,correct_both
00552.jpg,有漂浮物,有漂浮物,有漂浮物,correct_both
00785.jpg,有漂浮物,有漂浮物,有漂浮物,correct_both
00747.jpg,有漂浮物,有漂浮物,有漂浮物,correct_both
00728.jpg,有漂浮物,有漂浮物,有漂浮物,correct_both
00109.jpg,有漂浮物,有漂浮物,有漂浮物,correct_both
00102.jpg,有漂浮物,有漂浮物,有漂浮物,correct_both
00927.jpg,有漂浮物,有漂浮物,有漂浮物,correct_both
00985.jpg,有漂浮物,有漂浮物,有漂浮物,correct_both
00605.jpg,有漂浮物,有漂浮物,有漂浮物,correct_both
00026.jpg,有漂浮物,有漂浮物,有漂浮物,correct_both
01237.jpg,有漂浮物,有漂浮物,有漂浮物,correct_both
01203.jpg,有漂浮物,有漂浮物,有漂浮物,correct_both
01049.jpg,有漂浮物,有漂浮物,有漂浮物,correct_both
01166.jpg,有漂浮物,有漂浮物,有漂浮物,correct_both
01158.jpg,有漂浮物,有漂浮物,有漂浮物,correct_both
01019.jpg,有漂浮物,有漂浮物,有漂浮物,correct_both
01088.jpg,有漂浮物,有漂浮物,有漂浮物,correct_both
00749.jpg,有漂浮物,有漂浮物,有漂浮物,correct_both
02089.jpg,有漂浮物,有漂浮物,乱占,persistent_error
00628.jpg,有漂浮物,有漂浮物,有漂浮物,correct_both
00946.jpg,有漂浮物,有漂浮物,有漂浮物,correct_both
01230.jpg,有漂浮物,有漂浮物,有漂浮物,correct_both
01068.jpg,有漂浮物,有漂浮物,有漂浮物,correct_both
00448.jpg,有漂浮物,有漂浮物,有漂浮物,correct_both
00661.jpg,有漂浮物,有漂浮物,有漂浮物,correct_both
02068.jpg,乱采,乱采,乱采,correct_both
01024.jpg,有漂浮物,有漂浮物,有漂浮物,correct_both
00838.jpg,有漂浮物,有漂浮物,有漂浮物,correct_both
00903.jpg,有漂浮物,有漂浮物,有漂浮物,correct_both
01085.jpg,有漂浮物,有漂浮物,有漂浮物,correct_both
00009.jpg,有漂浮物,有漂浮物,有漂浮物,correct_both
01137.jpg,有漂浮物,有漂浮物,有漂浮物,correct_both
01241.jpg,有漂浮物,有漂浮物,有漂浮物,correct_both
01074.jpg,有漂浮物,有漂浮物,有漂浮物,correct_both
00674.jpg,有漂浮物,有漂浮物,有漂浮物,correct_both
02045.jpg,乱占,乱占,乱占,correct_both
00548.jpg,有漂浮物,有漂浮物,有漂浮物,correct_both
00964.jpg,有漂浮物,有漂浮物,有漂浮物,correct_both
00669.jpg,有漂浮物,有漂浮物,有漂浮物,correct_both
01156.jpg,有漂浮物,有漂浮物,有漂浮物,correct_both
00976.jpg,有漂浮物,有漂浮物,有漂浮物,correct_both
00690.jpg,有漂浮物,有漂浮物,有漂浮物,correct_both
02088.jpg,乱占,乱占,乱占,correct_both
00048.jpg,有漂浮物,有漂浮物,有漂浮物,correct_both
00921.jpg,有漂浮物,有漂浮物,有漂浮物,correct_both
01056.jpg,有漂浮物,有漂浮物,有漂浮物,correct_both
00979.jpg,有漂浮物,有漂浮物,有漂浮物,correct_both
00940.jpg,有漂浮物,有漂浮物,有漂浮物,correct_both
01042.jpg,有漂浮物,有漂浮物,有漂浮物,correct_both
00482.jpg,有漂浮物,有漂浮物,有漂浮物,correct_both
00862.jpg,有漂浮物,有漂浮物,有漂浮物,correct_both
00681.jpg,有漂浮物,有漂浮物,有漂浮物,correct_both
01116.jpg,有漂浮物,有漂浮物,有漂浮物,correct_both
01037.jpg,有漂浮物,有漂浮物,有漂浮物,correct_both
00915.jpg,有漂浮物,有漂浮物,有漂浮物,correct_both
00744.jpg,有漂浮物,有漂浮物,有漂浮物,correct_both
00533.jpg,有漂浮物,有漂浮物,有漂浮物,correct_both
00695.jpg,有漂浮物,有漂浮物,有漂浮物,correct_both
00923.jpg,有漂浮物,有漂浮物,有漂浮物,correct_both
00656.jpg,有漂浮物,有漂浮物,有漂浮物,correct_both
00668.jpg,有漂浮物,有漂浮物,有漂浮物,correct_both
02056.jpg,乱采,乱采,乱采,correct_both
01139.jpg,有漂浮物,有漂浮物,有漂浮物,correct_both
00043.jpg,有漂浮物,有漂浮物,有漂浮物,correct_both
00890.jpg,有漂浮物,有漂浮物,有漂浮物,correct_both
00463.jpg,有漂浮物,有漂浮物,有漂浮物,correct_both
00968.jpg,有漂浮物,有漂浮物,有漂浮物,correct_both
00756.jpg,有漂浮物,有漂浮物,有漂浮物,correct_both
00563.jpg,有漂浮物,有漂浮物,有漂浮物,correct_both
00852.jpg,有漂浮物,有漂浮物,有漂浮物,correct_both
01060.jpg,有漂浮物,有漂浮物,有漂浮物,correct_both
00091.jpg,有漂浮物,有漂浮物,有漂浮物,correct_both
00729.jpg,有漂浮物,有漂浮物,有漂浮物,correct_both
00769.jpg,有漂浮物,有漂浮物,有漂浮物,correct_both
01090.jpg,有漂浮物,有漂浮物,有漂浮物,correct_both
01010.jpg,有漂浮物,有漂浮物,有漂浮物,correct_both
01123.jpg,有漂浮物,有漂浮物,有漂浮物,correct_both
02111.jpg,乱堆,乱堆,乱堆,correct_both
00477.jpg,有漂浮物,有漂浮物,有漂浮物,correct_both
00707.jpg,有漂浮物,有漂浮物,有漂浮物,correct_both
01163.jpg,有漂浮物,有漂浮物,有漂浮物,correct_both
00526.jpg,有漂浮物,有漂浮物,有漂浮物,correct_both
00955.jpg,有漂浮物,有漂浮物,有漂浮物,correct_both
00849.jpg,有漂浮物,有漂浮物,有漂浮物,correct_both
01011.jpg,有漂浮物,有漂浮物,有漂浮物,correct_both
00761.jpg,有漂浮物,有漂浮物,有漂浮物,correct_both
01187.jpg,有漂浮物,有漂浮物,有漂浮物,correct_both
00950.jpg,有漂浮物,有漂浮物,有漂浮物,correct_both
00036.jpg,有漂浮物,有漂浮物,有漂浮物,correct_both
02148.jpg,乱占,乱占,乱占,correct_both
00662.jpg,有漂浮物,有漂浮物,有漂浮物,correct_both
00754.jpg,有漂浮物,有漂浮物,有漂浮物,correct_both
00501.jpg,有漂浮物,有漂浮物,有漂浮物,correct_both
00772.jpg,有漂浮物,有漂浮物,有漂浮物,correct_both
00925.jpg,有漂浮物,有漂浮物,有漂浮物,correct_both
00867.jpg,有漂浮物,有漂浮物,有漂浮物,correct_both
00566.jpg,有漂浮物,有漂浮物,有漂浮物,correct_both
00061.jpg,有漂浮物,有漂浮物,有漂浮物,correct_both
00107.jpg,有漂浮物,有漂浮物,有漂浮物,correct_both
00610.jpg,有漂浮物,有漂浮物,有漂浮物,correct_both
01105.jpg,有漂浮物,有漂浮物,有漂浮物,correct_both
00901.jpg,有漂浮物,有漂浮物,有漂浮物,correct_both
00188.jpg,有漂浮物,有漂浮物,有漂浮物,correct_both
00481.jpg,有漂浮物,有漂浮物,有漂浮物,correct_both
00522.jpg,有漂浮物,有漂浮物,有漂浮物,correct_both
00686.jpg,有漂浮物,有漂浮物,有漂浮物,correct_both
00586.jpg,有漂浮物,有漂浮物,有漂浮物,correct_both
00480.jpg,有漂浮物,有漂浮物,有漂浮物,correct_both
01142.jpg,有漂浮物,有漂浮物,有漂浮物,correct_both
00604.jpg,有漂浮物,有漂浮物,有漂浮物,correct_both
01143.jpg,有漂浮物,有漂浮物,有漂浮物,correct_both
00487.jpg,有漂浮物,有漂浮物,有漂浮物,correct_both
00613.jpg,有漂浮物,有漂浮物,有漂浮物,correct_both
02135.jpg,乱占,乱占,乱占,correct_both
00875.jpg,有漂浮物,有漂浮物,有漂浮物,correct_both
00601.jpg,有漂浮物,有漂浮物,有漂浮物,correct_both
00973.jpg,有漂浮物,有漂浮物,有漂浮物,correct_both
00880.jpg,有漂浮物,有漂浮物,有漂浮物,correct_both
00166.jpg,有漂浮物,有漂浮物,有漂浮物,correct_both
01215.jpg,有漂浮物,有漂浮物,有漂浮物,correct_both
00830.jpg,有漂浮物,有漂浮物,有漂浮物,correct_both
00920.jpg,有漂浮物,有漂浮物,有漂浮物,correct_both
00154.jpg,有漂浮物,有漂浮物,有漂浮物,correct_both
00918.jpg,有漂浮物,有漂浮物,有漂浮物,correct_both
00220.jpg,有漂浮物,有漂浮物,有漂浮物,correct_both
01106.jpg,有漂浮物,有漂浮物,有漂浮物,correct_both
01217.jpg,有漂浮物,有漂浮物,有漂浮物,correct_both
00193.jpg,有漂浮物,有漂浮物,有漂浮物,correct_both
00227.jpg,有漂浮物,有漂浮物,有漂浮物,correct_both
01138.jpg,有漂浮物,有漂浮物,有漂浮物,correct_both
00194.jpg,有漂浮物,有漂浮物,有漂浮物,correct_both
00753.jpg,有漂浮物,有漂浮物,有漂浮物,correct_both
00861.jpg,有漂浮物,有漂浮物,有漂浮物,correct_both
02129.jpg,乱占,乱占,乱占,correct_both
00513.jpg,有漂浮物,有漂浮物,有漂浮物,correct_both
00594.jpg,有漂浮物,有漂浮物,有漂浮物,correct_both
00456.jpg,有漂浮物,有漂浮物,有漂浮物,correct_both
00776.jpg,有漂浮物,有漂浮物,有漂浮物,correct_both
01006.jpg,有漂浮物,有漂浮物,有漂浮物,correct_both
00006.jpg,有漂浮物,有漂浮物,有漂浮物,correct_both
00694.jpg,有漂浮物,有漂浮物,有漂浮物,correct_both
01238.jpg,有漂浮物,有漂浮物,有漂浮物,correct_both
00930.jpg,有漂浮物,有漂浮物,有漂浮物,correct_both
02123.jpg,乱采,乱采,乱采,correct_both
00209.jpg,有漂浮物,有漂浮物,有漂浮物,correct_both
00855.jpg,有漂浮物,有漂浮物,有漂浮物,correct_both
00590.jpg,有漂浮物,有漂浮物,有漂浮物,correct_both
00067.jpg,有漂浮物,有漂浮物,有漂浮物,correct_both
00617.jpg,有漂浮物,有漂浮物,有漂浮物,correct_both
01234.jpg,有漂浮物,有漂浮物,有漂浮物,correct_both
00506.jpg,有漂浮物,有漂浮物,有漂浮物,correct_both
01048.jpg,有漂浮物,有漂浮物,有漂浮物,correct_both
01232.jpg,有漂浮物,有漂浮物,有漂浮物,correct_both
00461.jpg,有漂浮物,有漂浮物,有漂浮物,correct_both
01040.jpg,有漂浮物,有漂浮物,有漂浮物,correct_both
00790.jpg,有漂浮物,有漂浮物,有漂浮物,correct_both
00664.jpg,有漂浮物,有漂浮物,有漂浮物,correct_both
01212.jpg,有漂浮物,有漂浮物,有漂浮物,correct_both
00570.jpg,有漂浮物,有漂浮物,有漂浮物,correct_both
02099.jpg,乱堆,乱堆,乱堆,correct_both
00799.jpg,有漂浮物,有漂浮物,有漂浮物,correct_both
00990.jpg,有漂浮物,有漂浮物,有漂浮物,correct_both
00072.jpg,有漂浮物,有漂浮物,有漂浮物,correct_both
00050.jpg,有漂浮物,有漂浮物,有漂浮物,correct_both
00962.jpg,有漂浮物,有漂浮物,有漂浮物,correct_both
00580.jpg,有漂浮物,有漂浮物,有漂浮物,correct_both
00030.jpg,有漂浮物,有漂浮物,有漂浮物,correct_both
00710.jpg,有漂浮物,有漂浮物,有漂浮物,correct_both
00829.jpg,有漂浮物,有漂浮物,有漂浮物,correct_both
00164.jpg,有漂浮物,有漂浮物,有漂浮物,correct_both
00597.jpg,有漂浮物,有漂浮物,有漂浮物,correct_both
01208.jpg,有漂浮物,有漂浮物,有漂浮物,correct_both
02102.jpg,乱堆,乱堆,乱堆,correct_both
01192.jpg,有漂浮物,有漂浮物,有漂浮物,correct_both
00159.jpg,有漂浮物,有漂浮物,有漂浮物,correct_both
00623.jpg,有漂浮物,有漂浮物,有漂浮物,correct_both
02096.jpg,乱采,乱采,乱采,correct_both
01047.jpg,有漂浮物,有漂浮物,有漂浮物,correct_both
00064.jpg,有漂浮物,有漂浮物,正常,persistent_error
01030.jpg,有漂浮物,有漂浮物,有漂浮物,correct_both
01046.jpg,有漂浮物,有漂浮物,有漂浮物,correct_both
01161.jpg,有漂浮物,有漂浮物,有漂浮物,correct_both
00894.jpg,有漂浮物,有漂浮物,有漂浮物,correct_both
00765.jpg,有漂浮物,有漂浮物,有漂浮物,correct_both
00741.jpg,有漂浮物,有漂浮物,有漂浮物,correct_both
00730.jpg,有漂浮物,有漂浮物,有漂浮物,correct_both
00096.jpg,有漂浮物,有漂浮物,正常,persistent_error
00612.jpg,有漂浮物,有漂浮物,有漂浮物,correct_both
00947.jpg,有漂浮物,有漂浮物,有漂浮物,correct_both
00856.jpg,有漂浮物,有漂浮物,有漂浮物,correct_both
00621.jpg,有漂浮物,有漂浮物,有漂浮物,correct_both
00018.jpg,有漂浮物,有漂浮物,有漂浮物,correct_both
01127.jpg,有漂浮物,有漂浮物,有漂浮物,correct_both
00633.jpg,有漂浮物,有漂浮物,有漂浮物,correct_both
00596.jpg,有漂浮物,有漂浮物,有漂浮物,correct_both
01191.jpg,有漂浮物,有漂浮物,有漂浮物,correct_both
00585.jpg,有漂浮物,有漂浮物,有漂浮物,correct_both
01209.jpg,有漂浮物,有漂浮物,有漂浮物,correct_both
00682.jpg,有漂浮物,有漂浮物,有漂浮物,correct_both
00152.jpg,有漂浮物,有漂浮物,有漂浮物,correct_both
02110.jpg,乱堆,乱堆,乱堆,correct_both
00676.jpg,有漂浮物,有漂浮物,有漂浮物,correct_both
01130.jpg,有漂浮物,有漂浮物,有漂浮物,correct_both
00538.jpg,有漂浮物,有漂浮物,有漂浮物,correct_both
01033.jpg,有漂浮物,有漂浮物,有漂浮物,correct_both
02063.jpg,乱采,乱采,乱采,correct_both
00013.jpg,有漂浮物,有漂浮物,有漂浮物,correct_both
00083.jpg,有漂浮物,有漂浮物,有漂浮物,correct_both
00892.jpg,有漂浮物,有漂浮物,有漂浮物,correct_both
00774.jpg,有漂浮物,有漂浮物,有漂浮物,correct_both
00476.jpg,有漂浮物,有漂浮物,有漂浮物,correct_both
00141.jpg,有漂浮物,有漂浮物,有漂浮物,correct_both
02107.jpg,乱堆,乱堆,乱堆,correct_both
01155.jpg,有漂浮物,有漂浮物,有漂浮物,correct_both
00222.jpg,有漂浮物,有漂浮物,有漂浮物,correct_both
00745.jpg,有漂浮物,有漂浮物,有漂浮物,correct_both
02142.jpg,乱堆,乱堆,乱堆,correct_both
02487.jpg,有漂浮物,有漂浮物,乱建,persistent_error
01171.jpg,有漂浮物,有漂浮物,有漂浮物,correct_both
00110.jpg,有漂浮物,有漂浮物,有漂浮物,correct_both
02075.jpg,乱占,乱占,乱占,correct_both
00104.jpg,有漂浮物,有漂浮物,有漂浮物,correct_both
00649.jpg,有漂浮物,有漂浮物,有漂浮物,correct_both
00817.jpg,有漂浮物,有漂浮物,有漂浮物,correct_both
00189.jpg,有漂浮物,有漂浮物,有漂浮物,correct_both
00909.jpg,有漂浮物,有漂浮物,有漂浮物,correct_both
00119.jpg,有漂浮物,有漂浮物,有漂浮物,correct_both
00846.jpg,有漂浮物,有漂浮物,有漂浮物,correct_both
00775.jpg,有漂浮物,有漂浮物,有漂浮物,correct_both
02054.jpg,乱采,乱采,乱采,correct_both
00851.jpg,有漂浮物,有漂浮物,有漂浮物,correct_both
00068.jpg,有漂浮物,有漂浮物,有漂浮物,correct_both
00065.jpg,有漂浮物,有漂浮物,有漂浮物,correct_both
02092.jpg,乱采,乱采,乱采,correct_both
01118.jpg,有漂浮物,有漂浮物,有漂浮物,correct_both
00614.jpg,有漂浮物,有漂浮物,有漂浮物,correct_both
00699.jpg,有漂浮物,有漂浮物,有漂浮物,correct_both
00171.jpg,有漂浮物,有漂浮物,有漂浮物,correct_both
00049.jpg,有漂浮物,有漂浮物,有漂浮物,correct_both
00105.jpg,有漂浮物,有漂浮物,有漂浮物,correct_both
00897.jpg,有漂浮物,有漂浮物,有漂浮物,correct_both
00792.jpg,有漂浮物,有漂浮物,有漂浮物,correct_both
00910.jpg,有漂浮物,有漂浮物,有漂浮物,correct_both
02108.jpg,乱堆,乱堆,乱堆,correct_both
02087.jpg,乱占,乱占,乱占,correct_both
00541.jpg,有漂浮物,有漂浮物,有漂浮物,correct_both
00108.jpg,有漂浮物,有漂浮物,有漂浮物,correct_both
00987.jpg,有漂浮物,有漂浮物,有漂浮物,correct_both
01100.jpg,有漂浮物,有漂浮物,有漂浮物,correct_both
01177.jpg,有漂浮物,有漂浮物,有漂浮物,correct_both
00873.jpg,有漂浮物,有漂浮物,有漂浮物,correct_both
00755.jpg,有漂浮物,有漂浮物,有漂浮物,correct_both
00764.jpg,有漂浮物,有漂浮物,有漂浮物,correct_both
00835.jpg,有漂浮物,有漂浮物,有漂浮物,correct_both
00877.jpg,有漂浮物,有漂浮物,有漂浮物,correct_both
01196.jpg,有漂浮物,有漂浮物,有漂浮物,correct_both
01227.jpg,有漂浮物,有漂浮物,有漂浮物,correct_both
00012.jpg,有漂浮物,有漂浮物,有漂浮物,correct_both
00035.jpg,有漂浮物,有漂浮物,有漂浮物,correct_both
01194.jpg,有漂浮物,有漂浮物,有漂浮物,correct_both
00637.jpg,有漂浮物,有漂浮物,有漂浮物,correct_both
00941.jpg,有漂浮物,有漂浮物,有漂浮物,correct_both
02105.jpg,乱堆,乱堆,乱堆,correct_both
00646.jpg,有漂浮物,有漂浮物,有漂浮物,correct_both
01058.jpg,有漂浮物,有漂浮物,有漂浮物,correct_both
00121.jpg,有漂浮物,有漂浮物,有漂浮物,correct_both
00936.jpg,有漂浮物,有漂浮物,有漂浮物,correct_both
01083.jpg,有漂浮物,有漂浮物,有漂浮物,correct_both
00742.jpg,有漂浮物,有漂浮物,有漂浮物,correct_both
00992.jpg,有漂浮物,有漂浮物,有漂浮物,correct_both
01107.jpg,有漂浮物,有漂浮物,有漂浮物,correct_both
00794.jpg,有漂浮物,有漂浮物,有漂浮物,correct_both
01200.jpg,有漂浮物,有漂浮物,有漂浮物,correct_both
00080.jpg,有漂浮物,有漂浮物,有漂浮物,correct_both
