filename,fold,true_label_id,true_label,pred_label_id,pred_label,logit_乱采,logit_乱建,logit_乱堆,logit_乱占,logit_有漂浮物,logit_正常,prob_乱采,prob_乱建,prob_乱堆,prob_乱占,prob_有漂浮物,prob_正常
00000.jpg,0,4,有漂浮物,4,有漂浮物,-3.787109375,-3.306640625,-2.857421875,-3.619140625,4.44921875,-2.24609375,0.0002640854218043387,0.0004269818018656224,0.000669117784127593,0.00031238654628396034,0.9970943927764893,0.0012331019388511777
00006.jpg,0,4,有漂浮物,4,有漂浮物,-7.015625,-4.21484375,-7.28515625,-2.224609375,6.765625,-2.279296875,1.034583647196996e-06,1.7026659406838007e-05,7.901501817286771e-07,0.00012458830315154046,0.9997385144233704,0.00011795783211709931
00008.jpg,0,4,有漂浮物,4,有漂浮物,-4.9921875,-3.92578125,-3.875,-2.41015625,3.595703125,-1.5556640625,0.00018458542763255537,0.000536206120159477,0.0005641385796479881,0.0024409524630755186,0.9905374646186829,0.005736679304391146
00011.jpg,0,4,有漂浮物,4,有漂浮物,-6.9921875,-4.70703125,-5.625,-3.037109375,6.6796875,-3.8046875,1.1543417031134595e-06,1.134397189161973e-05,4.5299811972654425e-06,6.0256377764744684e-05,0.9998947381973267,2.796714034047909e-05
00015.jpg,0,4,有漂浮物,4,有漂浮物,-5.94140625,-5.05859375,-7.58984375,-2.96484375,7.57421875,-1.3125,1.349475496681407e-06,3.2626132906443672e-06,2.59571919514201e-07,2.6477055143914185e-05,0.9998304843902588,0.00013818900333717465
00017.jpg,0,4,有漂浮物,4,有漂浮物,-5.171875,-1.8134765625,-7.12109375,-2.619140625,4.46484375,-1.630859375,6.495938578154892e-05,0.0018671354046091437,9.249259164789692e-06,0.0008342195651493967,0.9949830770492554,0.002241225214675069
00021.jpg,0,4,有漂浮物,4,有漂浮物,-3.642578125,-2.38671875,-2.173828125,-1.740234375,3.376953125,-0.80908203125,0.0008689430542290211,0.0030507324263453484,0.003774516750127077,0.005823293700814247,0.9717062711715698,0.014776209369301796
00025.jpg,0,4,有漂浮物,4,有漂浮物,-5.19921875,-1.943359375,-5.9375,-1.642578125,3.599609375,-0.30908203125,0.00014658650616183877,0.003802731866016984,7.005876977927983e-05,0.0051371632143855095,0.9713516235351562,0.01949186436831951
00026.jpg,0,4,有漂浮物,4,有漂浮物,-5.484375,-1.9541015625,-5.67578125,-1.2421875,3.169921875,-1.1611328125,0.00016904207586776465,0.005769963841885328,0.00013959444186184555,0.011758540757000446,0.9694115519523621,0.012751316651701927
00031.jpg,0,4,有漂浮物,4,有漂浮物,-7.09375,-3.0546875,-4.80078125,-1.3857421875,4.37109375,-0.2318115234375,1.0348779142077547e-05,0.0005875322385691106,0.00010249738261336461,0.0031177797354757786,0.986296534538269,0.009885329753160477
00035.jpg,0,4,有漂浮物,4,有漂浮物,-4.06640625,-5.62890625,-4.859375,-4.09765625,5.80859375,-1.728515625,5.141049769008532e-05,1.0776225281006191e-05,2.326322100998368e-05,4.982876271242276e-05,0.9993320107460022,0.0005325798992998898
00039.jpg,0,4,有漂浮物,4,有漂浮物,-4.81640625,-2.544921875,-5.5,-1.7109375,4.65234375,-2.76953125,7.698257104493678e-05,0.0007462520734407008,3.8860769564053044e-05,0.0017182262381538749,0.9968235492706299,0.0005961271817795932
00043.jpg,0,4,有漂浮物,4,有漂浮物,-6.6328125,-5.82421875,-5.2578125,-5.46484375,6.5625,-3.064453125,1.8591377966004075e-06,4.17329783886089e-06,7.353032742685173e-06,5.977972705295542e-06,0.9999147653579712,6.5922002249863e-05
00048.jpg,0,4,有漂浮物,4,有漂浮物,-6.359375,-5.34375,-5.68359375,-1.9423828125,5.609375,-3.009765625,6.334550107567338e-06,1.749025432218332e-05,1.24509888337343e-05,0.0005247966619208455,0.9992584586143494,0.0001804814673960209
00052.jpg,0,4,有漂浮物,4,有漂浮物,-5.61328125,-5.9453125,-6.3828125,-3.841796875,7.5703125,-4.0234375,1.8811673498930759e-06,1.3496714927896392e-06,8.714134196452505e-07,1.1060463293688372e-05,0.9999756813049316,9.223330380336847e-06
00056.jpg,0,4,有漂浮物,4,有漂浮物,-4.00390625,-3.267578125,-3.837890625,-2.912109375,6.25,-2.9609375,3.5207147448090836e-05,7.352144893957302e-05,4.156526119913906e-05,0.00010490403656149283,0.9996448755264282,9.990481339627877e-05
00061.jpg,0,4,有漂浮物,4,有漂浮物,-6.6015625,-7.40234375,-6.82421875,-3.470703125,6.6484375,-3.658203125,1.760209670464974e-06,7.902955303507042e-07,1.4088541320234071e-06,4.0297614759765565e-05,0.9999223947525024,3.340789771755226e-05
00066.jpg,0,4,有漂浮物,4,有漂浮物,-4.3984375,-5.7265625,-4.7421875,-3.8671875,5.10546875,-1.9228515625,7.447358802892268e-05,1.973353573703207e-05,5.280967889120802e-05,0.0001266838371520862,0.998840868473053,0.0008853919571265578
00071.jpg,0,4,有漂浮物,4,有漂浮物,-4.0234375,-4.5859375,-3.83984375,-0.57373046875,3.76171875,-1.17578125,0.0004071410221513361,0.00023198194685392082,0.0004891911521553993,0.012821344658732414,0.9790282845497131,0.007022087462246418
00072.jpg,0,4,有漂浮物,4,有漂浮物,-3.33984375,-2.857421875,-3.126953125,-3.21875,6.10546875,-2.69140625,7.901619392214343e-05,0.00012800568947568536,9.77627350948751e-05,8.918801177060232e-05,0.999454915523529,0.0001511224254500121
00077.jpg,0,4,有漂浮物,4,有漂浮物,-4.8359375,-4.49609375,-4.7109375,-2.55078125,3.455078125,-0.7021484375,0.0002460834803059697,0.0003456803970038891,0.0002788491256069392,0.0024183171335607767,0.9813520312309265,0.015359045937657356
00081.jpg,0,4,有漂浮物,4,有漂浮物,-2.935546875,-5.4375,-4.20703125,-4.5859375,6.7421875,-2.771484375,6.265258707571775e-05,5.132802471052855e-06,1.7568729163031094e-05,1.2027724551444408e-05,0.9998288154602051,7.382279000012204e-05
00086.jpg,0,4,有漂浮物,4,有漂浮物,-7.31640625,-7.03515625,-5.65234375,-0.396240234375,1.7802734375,-0.958984375,9.503481851425022e-05,0.00012590068217832595,0.000501852307934314,0.09622162580490112,0.8482435345649719,0.05481204763054848
00090.jpg,0,4,有漂浮物,4,有漂浮物,-6.87890625,-3.12890625,-4.73046875,-3.681640625,6.87890625,-2.701171875,1.0592359558359021e-06,4.503985837800428e-05,9.079192750505172e-06,2.591478005342651e-05,0.999849796295166,6.908117211423814e-05
00094.jpg,0,4,有漂浮物,4,有漂浮物,-7.2890625,-5.19140625,-5.75,-2.310546875,7.07421875,-1.4521484375,5.780697165391757e-07,4.709564564109314e-06,2.6939314921037294e-06,8.396959310630336e-05,0.9997099041938782,0.00019811610400211066
00095.jpg,0,4,有漂浮物,4,有漂浮物,-5.9296875,-3.419921875,-4.47265625,-3.96875,6.109375,-2.38671875,5.90676336287288e-06,7.266527245519683e-05,2.535888779675588e-05,4.1973373299697414e-05,0.9996500015258789,0.00020419323118403554
00100.jpg,0,5,正常,4,有漂浮物,-6.2265625,-4.6875,-4.31640625,-2.798828125,6.12109375,-1.8359375,4.337580321589485e-06,2.021407453867141e-05,2.9296639695530757e-05,0.00013362681784201413,0.9994624257087708,0.0003500029561109841
00104.jpg,0,4,有漂浮物,4,有漂浮物,-6.85546875,-5.421875,-3.939453125,-4.96484375,5.6015625,-0.82861328125,3.8835546547488775e-06,1.628663085284643e-05,7.171977631514892e-05,2.572275116108358e-05,0.9982730150222778,0.0016093832673504949
00108.jpg,0,4,有漂浮物,4,有漂浮物,-7.42578125,-3.669921875,-5.1484375,-3.8984375,6.59765625,-1.9287109375,8.120476877593319e-07,3.473206015769392e-05,7.918069968582131e-06,2.7636780941975303e-05,0.9997307658195496,0.00019812023674603552
00113.jpg,0,4,有漂浮物,4,有漂浮物,-3.673828125,-4.0859375,-3.833984375,-2.80078125,3.408203125,0.66064453125,0.0007864248473197222,0.0005208112997934222,0.0006700422964058816,0.0018828540341928601,0.9361475706100464,0.05999220162630081
00115.jpg,0,4,有漂浮物,4,有漂浮物,-6.3203125,-5.1875,-5.68359375,-2.927734375,4.36328125,-1.6298828125,2.2842150428914465e-05,7.091060979291797e-05,4.317779166740365e-05,0.0006793834618292749,0.9966962337493896,0.0024875092785805464
00120.jpg,0,4,有漂浮物,4,有漂浮物,-5.46875,-4.53125,-6.10546875,-3.126953125,6.84375,-2.943359375,4.494656877795933e-06,1.1477508451207541e-05,2.3777879505360033e-06,4.674401134252548e-05,0.9998787641525269,5.616422276943922e-05
00125.jpg,0,4,有漂浮物,4,有漂浮物,-3.0703125,-3.9765625,-4.1171875,-2.373046875,1.3076171875,-1.3837890625,0.011256583034992218,0.00454807048663497,0.003951432183384895,0.022606074810028076,0.896844744682312,0.060793109238147736
00132.jpg,0,4,有漂浮物,4,有漂浮物,-6.87109375,-1.9384765625,-4.5859375,-3.953125,6.63671875,-1.3740234375,1.3595281416201033e-06,0.00018862384604290128,1.3360384400584735e-05,2.5156252377200872e-05,0.9994397759437561,0.0003316923975944519
00136.jpg,0,4,有漂浮物,4,有漂浮物,-5.859375,-4.9921875,-4.84765625,-3.333984375,6.828125,-4.16796875,3.0892740596755175e-06,7.353112323471578e-06,8.496504960930906e-06,3.860287688439712e-05,0.9999256134033203,1.6765821783337742e-05
00137.jpg,0,4,有漂浮物,4,有漂浮物,-3.193359375,-3.203125,-3.87109375,-2.978515625,3.158203125,-0.74072265625,0.0016985295806080103,0.0016820230521261692,0.0008624556940048933,0.002105612773448229,0.9739162921905518,0.019735116511583328
00141.jpg,0,4,有漂浮物,4,有漂浮物,-6.01171875,-6.31640625,-5.2578125,-3.3359375,6.7421875,-3.810546875,2.8907761588925496e-06,2.131524752257974e-06,6.143725386209553e-06,4.1984741983469576e-05,0.9999207258224487,2.6119885660591535e-05
00146.jpg,0,4,有漂浮物,4,有漂浮物,-6.34765625,-4.390625,-5.921875,-4.46484375,7.75,-2.140625,7.541163995483657e-07,5.337848961062264e-06,1.1543907021405175e-06,4.956024895363953e-06,0.9999371767044067,5.064409924671054e-05
00151.jpg,0,4,有漂浮物,4,有漂浮物,-5.6640625,-6.2734375,-5.37890625,-3.86328125,6.8828125,-1.8125,3.5552895951695973e-06,1.9329775113874348e-06,4.728427938971436e-06,2.1525058400584385e-05,0.999800980091095,0.00016733520897105336
00156.jpg,0,4,有漂浮物,4,有漂浮物,-7.4296875,-5.01171875,-6.609375,-3.642578125,7.734375,-2.056640625,2.595974422092695e-07,2.9134723718016176e-06,5.896001766814152e-07,1.1455686944827903e-05,0.9999288320541382,5.594805770670064e-05
00157.jpg,0,4,有漂浮物,4,有漂浮物,-0.654296875,-1.62890625,-3.775390625,-1.5283203125,4.08984375,0.410888671875,0.00835777260363102,0.0031537197064608335,0.00036865213769488037,0.0034874421544373035,0.960383415222168,0.02424905076622963
00163.jpg,0,4,有漂浮物,4,有漂浮物,-7.03125,-1.791015625,-5.296875,-2.375,6.765625,-1.859375,1.0183156291532214e-06,0.00019217074441257864,5.769150902779074e-06,0.00010716823453549296,0.9995144605636597,0.0001794730342226103
00168.jpg,0,4,有漂浮物,4,有漂浮物,-6.75390625,-6.9609375,-6.578125,-3.662109375,8.5078125,-2.951171875,2.3545754856968415e-07,1.9142562734941748e-07,2.8070715529793233e-07,5.183975190448109e-06,0.999983549118042,1.0554050277278293e-05
00173.jpg,0,4,有漂浮物,4,有漂浮物,-6.58203125,-4.16796875,-3.1953125,-3.162109375,6.1640625,-1.4736328125,2.911662704718765e-06,3.255030605942011e-05,8.609428914496675e-05,8.90008668648079e-05,0.9993077516555786,0.0004816042783204466
00178.jpg,0,4,有漂浮物,4,有漂浮物,-2.693359375,-3.921875,-4.3203125,-3.69140625,5.2890625,-0.73291015625,0.00034037031582556665,9.9635508377105e-05,6.68921202304773e-05,0.000125460050185211,0.9969502091407776,0.0024174859281629324
00182.jpg,0,4,有漂浮物,4,有漂浮物,-4.26953125,-5.1015625,-6.49609375,-3.611328125,4.86328125,-0.1844482421875,0.00010733144881669432,4.6706831199117005e-05,1.1580922546272632e-05,0.00020729124662466347,0.9932465553283691,0.006380519364029169
00187.jpg,0,4,有漂浮物,4,有漂浮物,-5.53515625,-2.693359375,-2.7890625,-3.287109375,4.359375,-2.32421875,5.0277350965188816e-05,0.0008620829903520644,0.0007834039279259741,0.00047608747263439,0.9965812563896179,0.0012469952926039696
00191.jpg,0,4,有漂浮物,4,有漂浮物,-5.58203125,-4.60546875,-4.24609375,-4.171875,6.88671875,-3.337890625,3.844639650196768e-06,1.0208720595983323e-05,1.4623316928918939e-05,1.5749932572362013e-05,0.9999192953109741,3.626381658250466e-05
00195.jpg,0,4,有漂浮物,4,有漂浮物,-4.27734375,-5.296875,-5.0703125,-3.041015625,5.9140625,-2.470703125,3.747519076569006e-05,1.3519698768504895e-05,1.6957501429715194e-05,0.00012902513844892383,0.9995748400688171,0.0002282221830682829
00200.jpg,0,4,有漂浮物,4,有漂浮物,-5.6171875,-2.63671875,-4.63671875,-3.189453125,6.65625,-1.8837890625,4.672599061450455e-06,9.203640365740284e-05,1.2455773685360327e-05,5.295538721838966e-05,0.9996424913406372,0.00019541273650247604
00204.jpg,0,4,有漂浮物,4,有漂浮物,-3.69921875,-4.37109375,-2.935546875,-3.744140625,2.7265625,-1.232421875,0.0015773848863318563,0.0008056493825279176,0.0033852921333163977,0.0015080937882885337,0.9741346836090088,0.01858890987932682
00209.jpg,0,4,有漂浮物,4,有漂浮物,-6.4765625,-3.0078125,-4.171875,-1.3203125,5.48828125,-2.02734375,6.351845968310954e-06,0.0002038726379396394,6.365213630488142e-05,0.0011021250393241644,0.9980804920196533,0.0005434644408524036
00211.jpg,0,4,有漂浮物,4,有漂浮物,-3.634765625,-3.416015625,-3.8203125,-4.4765625,4.21484375,-1.822265625,0.0003884454199578613,0.0004834281571675092,0.00032266214839182794,0.00016739491547923535,0.9962584972381592,0.0023795166052877903
00218.jpg,0,4,有漂浮物,4,有漂浮物,-5.04296875,-2.037109375,-3.3984375,-3.029296875,6.95703125,-1.7607421875,6.141928679426201e-06,0.0001240888814209029,3.180648127454333e-05,4.600778629537672e-05,0.9996283054351807,0.00016359033179469407
00223.jpg,0,4,有漂浮物,4,有漂浮物,-4.76171875,-3.15625,-3.30859375,-4.3828125,5.859375,-3.31640625,2.438644878566265e-05,0.0001214492367580533,0.0001042876101564616,3.5620945709524676e-05,0.9996108412742615,0.00010347603529226035
00227.jpg,0,4,有漂浮物,4,有漂浮物,-4.6171875,-5.66015625,-6.51171875,-3.5625,6.88671875,-4.0078125,1.008996696327813e-05,3.5557743558456423e-06,1.5174182408372872e-06,2.896908154070843e-05,0.9999372959136963,1.85582903213799e-05
00231.jpg,0,4,有漂浮物,4,有漂浮物,-5.89453125,-1.484375,-4.79296875,-4.546875,4.30078125,-2.080078125,3.715694765560329e-05,0.0030573599506169558,0.0001118001964641735,0.00014299462782219052,0.9949654936790466,0.0016851400723680854
00444.jpg,0,4,有漂浮物,4,有漂浮物,-5.08984375,-9.4375,-5.140625,-2.638671875,4.0,-3.9609375,0.00011259411257924512,1.4566412573913112e-06,0.00010701919381972402,0.0013063095975667238,0.9981244206428528,0.0003481716848909855
00456.jpg,0,4,有漂浮物,4,有漂浮物,-3.771484375,-9.6328125,-5.71484375,-3.375,4.6015625,-4.6171875,0.00023084731947164983,6.573283712896227e-07,3.3062417060136795e-05,0.00034317513927817345,0.9992930889129639,9.909246728057042e-05
00469.jpg,0,4,有漂浮物,4,有漂浮物,-4.3203125,-8.5859375,-5.50390625,-3.880859375,5.7109375,-3.533203125,4.399331010063179e-05,6.178019020808279e-07,1.3469714758684859e-05,6.827137985965237e-05,0.9997770190238953,9.665489778853953e-05
00474.jpg,0,4,有漂浮物,4,有漂浮物,-6.46875,-9.203125,-5.66015625,-3.51953125,5.37109375,-4.11328125,7.209713658085093e-06,4.6815972609692835e-07,1.618399801373016e-05,0.000137640890898183,0.9997624754905701,7.6012518547941e-05
00475.jpg,0,4,有漂浮物,4,有漂浮物,-5.40625,-8.3046875,-4.8515625,-4.22265625,5.44921875,-3.546875,1.929413338075392e-05,1.0632853673087084e-06,3.359873880981468e-05,6.301638495642692e-05,0.9997592568397522,0.00012386299204081297
00477.jpg,0,4,有漂浮物,4,有漂浮物,-5.73046875,-6.875,-4.52734375,-4.5546875,4.55078125,-3.34765625,3.424768874538131e-05,1.090354362531798e-05,0.00011406221892684698,0.00011098558752564713,0.9993587136268616,0.0003710851597134024
00483.jpg,0,4,有漂浮物,4,有漂浮物,-5.70703125,-9.3046875,-5.7265625,-3.81640625,5.234375,-4.06640625,1.770523340383079e-05,4.84908014186658e-07,1.7362783182761632e-05,0.0001172707270598039,0.9997559189796448,9.133053390542045e-05
00489.jpg,0,4,有漂浮物,4,有漂浮物,-4.234375,-8.0625,-5.33984375,-3.14453125,4.78125,-3.025390625,0.00012138330203015357,2.640130333020352e-06,4.018463005195372e-05,0.0003609707928262651,0.9990682005882263,0.0004066438414156437
00494.jpg,0,4,有漂浮物,4,有漂浮物,-5.16015625,-5.5078125,-2.416015625,-3.916015625,2.62890625,-2.14453125,0.00040730167529545724,0.0002876941580325365,0.006334048230201006,0.0014133170479908586,0.9832479953765869,0.008309703320264816
00498.jpg,0,4,有漂浮物,4,有漂浮物,-2.06640625,-8.359375,-3.462890625,-4.00390625,1.4072265625,-3.341796875,0.029475565999746323,5.4508036555489525e-05,0.007294184062629938,0.004246357828378677,0.9506961107254028,0.008233169093728065
00502.jpg,0,4,有漂浮物,4,有漂浮物,-7.953125,-4.703125,-6.59375,-5.203125,7.61328125,-3.822265625,1.7361509208058123e-07,4.477592483453918e-06,6.760153610230191e-07,2.715796881602728e-06,0.999981164932251,1.0804306839418132e-05
00507.jpg,0,4,有漂浮物,4,有漂浮物,-5.73046875,-3.755859375,-5.56640625,-3.2421875,6.171875,-3.25,6.77297794027254e-06,4.87912111566402e-05,7.980518603289966e-06,8.155046816682443e-05,0.9997740387916565,8.091584459180012e-05
00511.jpg,0,4,有漂浮物,4,有漂浮物,-6.83203125,-3.248046875,-5.859375,-4.62890625,6.91015625,-3.37109375,1.0759848692032392e-06,3.8753489207010716e-05,2.8459378427214688e-06,9.741172107169405e-06,0.9999133348464966,3.4266697184648365e-05
00516.jpg,0,4,有漂浮物,4,有漂浮物,-5.98046875,-3.333984375,-5.21875,-3.962890625,6.65625,-4.35546875,3.2501297937415075e-06,4.584101770888083e-05,6.9616298787877895e-06,2.4441269488306716e-05,0.9999030828475952,1.650551894272212e-05
00520.jpg,0,4,有漂浮物,4,有漂浮物,-5.07421875,-2.654296875,-4.23046875,-2.08984375,5.0703125,-2.345703125,3.9213860873132944e-05,0.0004409590910654515,9.117495210375637e-05,0.0007754203397780657,0.9980528354644775,0.000600369821768254
00524.jpg,0,4,有漂浮物,4,有漂浮物,-5.83984375,-7.2265625,-4.7734375,-5.05859375,6.66015625,-4.14453125,3.726489694599877e-06,9.312271345152112e-07,1.082515882444568e-05,8.139401870721485e-06,0.9999561309814453,2.0303214114392176e-05
00528.jpg,0,4,有漂浮物,4,有漂浮物,-5.921875,-6.10546875,-3.138671875,-3.306640625,3.583984375,-0.5625,7.308604835998267e-05,6.082760592107661e-05,0.0011818550992757082,0.0009991169208660722,0.9821475744247437,0.015537510626018047
00535.jpg,0,4,有漂浮物,4,有漂浮物,-5.65625,-7.1953125,-2.501953125,-3.826171875,2.30859375,-0.86083984375,0.00033005268778651953,7.082343654474244e-05,0.007735298480838537,0.0020576720125973225,0.9498849511146545,0.03992119058966637
00546.jpg,0,4,有漂浮物,4,有漂浮物,-4.90625,-6.07421875,-1.1865234375,-3.830078125,1.845703125,-0.56640625,0.0010225768201053143,0.0003180193598382175,0.04218447953462601,0.0029996561352163553,0.8750481605529785,0.07842710614204407
00547.jpg,0,4,有漂浮物,4,有漂浮物,-6.15625,-7.3515625,-1.8623046875,-5.421875,3.607421875,-1.50390625,5.6909229897428304e-05,1.7221267626155168e-05,0.004168880637735128,0.0001186090157716535,0.9896725416183472,0.005965816788375378
00553.jpg,0,4,有漂浮物,4,有漂浮物,-5.5703125,-4.38671875,-3.01171875,-4.3828125,5.8671875,-1.7177734375,1.0775575901789125e-05,3.519400706863962e-05,0.00013919499178882688,3.533175549819134e-05,0.999271810054779,0.0005076646921224892
00557.jpg,0,4,有漂浮物,4,有漂浮物,-5.20703125,-4.30859375,-3.353515625,-3.61328125,4.7421875,-1.1806640625,4.7603913117200136e-05,0.00011690392420860007,0.0003038185241166502,0.0002343146625207737,0.9966288208961487,0.0026685274206101894
00558.jpg,0,4,有漂浮物,4,有漂浮物,-5.62109375,-4.08984375,-3.11328125,-3.234375,5.44140625,-1.3759765625,1.566557511978317e-05,7.243688014568761e-05,0.00019234258797951043,0.0001704060850897804,0.9984562397003174,0.0010928921401500702
00563.jpg,0,4,有漂浮物,4,有漂浮物,-4.859375,-4.17578125,-2.564453125,-3.419921875,4.65234375,-1.4931640625,7.37283771741204e-05,0.0001460547500755638,0.0007316553965210915,0.00031101491185836494,0.9966017007827759,0.0021358043886721134
00567.jpg,0,4,有漂浮物,4,有漂浮物,-5.4296875,-5.60546875,-3.5625,-4.76953125,5.7734375,-2.431640625,1.362590592179913e-05,1.1429428923293017e-05,8.816061017569155e-05,2.6367417376604863e-05,0.99958735704422,0.00027314963517710567
00568.jpg,0,4,有漂浮物,4,有漂浮物,-5.5703125,-3.931640625,-2.970703125,-4.23828125,5.34765625,-1.50390625,1.810269895941019e-05,9.31986141949892e-05,0.0002436348149785772,6.858626147732139e-05,0.9985203146934509,0.0010562363313511014
00572.jpg,0,4,有漂浮物,4,有漂浮物,-5.81640625,-3.98046875,-2.8984375,-3.935546875,5.265625,-1.7646484375,1.536509080324322e-05,9.635464812163264e-05,0.00028431048849597573,0.00010078177729155868,0.998619794845581,0.0008834687760099769
00576.jpg,0,4,有漂浮物,4,有漂浮物,-5.82421875,-4.37890625,-3.07421875,-4.0703125,5.640625,-1.4892578125,1.0481237950443756e-05,4.4473759771790355e-05,0.00016395414422731847,6.0551425121957436e-05,0.9989205598831177,0.0007999487570486963
00582.jpg,0,4,有漂浮物,4,有漂浮物,-5.56640625,-4.78515625,-6.39453125,-0.697265625,3.984375,-2.10546875,7.031681161606684e-05,0.00015358605014625937,3.0719140340806916e-05,0.00915588065981865,0.9883500337600708,0.0022393669933080673
00586.jpg,0,4,有漂浮物,4,有漂浮物,-3.939453125,-7.796875,-5.64453125,-1.0078125,2.939453125,-2.38671875,0.0010037653846666217,2.120191857102327e-05,0.00018244257080368698,0.018829014152288437,0.9752214550971985,0.004742159973829985
00587.jpg,0,4,有漂浮物,4,有漂浮物,-7.0,-4.46484375,-5.390625,-2.701171875,5.8984375,-4.22265625,2.501278913769056e-06,3.156214006594382e-05,1.250560671905987e-05,0.00018412782810628414,0.9997290968894958,4.021121276309714e-05
00591.jpg,0,4,有漂浮物,4,有漂浮物,-6.7890625,-4.4140625,-4.64453125,-3.8125,6.296875,-4.53515625,2.073982159345178e-06,2.2297410396276973e-05,1.7707739971228875e-05,4.0692062611924484e-05,0.9998974800109863,1.9754412278416567e-05
00592.jpg,0,4,有漂浮物,4,有漂浮物,-6.52734375,-4.58984375,-4.21875,-3.611328125,5.546875,-3.98046875,5.70310612602043e-06,3.9587404899066314e-05,5.737477113143541e-05,0.00010532244778005406,0.9997192025184631,7.281237776624039e-05
00596.jpg,0,4,有漂浮物,4,有漂浮物,-6.5390625,-4.75,-4.046875,-3.392578125,5.49609375,-4.43359375,5.9301801229594275e-06,3.5485249100020155e-05,7.168217416619882e-05,0.0001379013992846012,0.9997003078460693,4.869241820415482e-05
00600.jpg,0,4,有漂浮物,4,有漂浮物,-7.265625,-4.98828125,-5.98828125,-2.421875,5.62109375,-4.1171875,2.530394567656913e-06,2.4673234293004498e-05,9.07677531358786e-06,0.00032121967524290085,0.9995835423469543,5.895725917071104e-05
00605.jpg,0,4,有漂浮物,4,有漂浮物,-6.30078125,-5.203125,-4.69921875,-3.103515625,5.47265625,-4.0625,7.704027666477486e-06,2.308999864908401e-05,3.8217967812670395e-05,0.0001884832017822191,0.9996702671051025,7.224221189972013e-05
00609.jpg,0,4,有漂浮物,4,有漂浮物,-5.11328125,-5.109375,-4.921875,-2.771484375,4.4140625,-3.84765625,7.274191739270464e-05,7.302661833819002e-05,8.808691200101748e-05,0.0007565091946162283,0.9987517595291138,0.00025789247592911124
00613.jpg,0,4,有漂浮物,4,有漂浮物,-5.5390625,-4.81640625,-4.07421875,-3.1953125,4.53515625,-3.791015625,4.211060513625853e-05,8.674353011883795e-05,0.00018220697529613972,0.00043880255543626845,0.9990082383155823,0.0002418569492874667
00618.jpg,0,4,有漂浮物,4,有漂浮物,-3.42578125,-6.62109375,-3.705078125,-1.716796875,3.30078125,-2.564453125,0.001184888300485909,4.85255841340404e-05,0.000896149140316993,0.006544550880789757,0.9885220527648926,0.0028038027230650187
00624.jpg,0,4,有漂浮物,4,有漂浮物,-4.11328125,-6.5390625,-5.2421875,-1.6640625,3.6640625,-3.16796875,0.00041640756535343826,3.681418456835672e-05,0.00013466070231515914,0.004821706563234329,0.9935187697410583,0.001071673701517284
00628.jpg,0,4,有漂浮物,4,有漂浮物,-3.3203125,-6.41796875,-4.0625,-1.48046875,2.791015625,-2.44140625,0.0021684342063963413,9.791545016923919e-05,0.0010323295136913657,0.013651495799422264,0.9778277277946472,0.005222162697464228
00633.jpg,0,4,有漂浮物,4,有漂浮物,-5.18359375,-5.8984375,-5.4296875,-0.0673828125,1.498046875,-2.984375,0.001024991157464683,0.0005014959024265409,0.0008013881160877645,0.17086860537528992,0.8175601959228516,0.009243334643542767
00639.jpg,0,4,有漂浮物,4,有漂浮物,-2.08203125,-9.1015625,-6.52734375,-2.39453125,3.359375,-5.4765625,0.004300256259739399,3.845480932795908e-06,5.0456794269848615e-05,0.003146135015413165,0.9923549890518188,0.00014430060400627553
00646.jpg,0,4,有漂浮物,4,有漂浮物,-5.18359375,-8.2890625,-6.8828125,-3.09765625,4.203125,-6.08203125,8.37620536913164e-05,3.7528341181314318e-06,1.5313906260416843e-05,0.000674463517498225,0.9991886019706726,3.410836143302731e-05
00651.jpg,0,4,有漂浮物,4,有漂浮物,-4.875,-6.37109375,-5.65625,-2.568359375,3.369140625,-4.97265625,0.0002619245497044176,5.8672008890425786e-05,0.00011991780047537759,0.002629889640957117,0.9966920614242554,0.00023755525762680918
00655.jpg,0,4,有漂浮物,4,有漂浮物,-6.86328125,-5.37890625,-3.7734375,-4.30859375,4.44921875,-1.513671875,1.2181896636320744e-05,5.374904867494479e-05,0.00026768064708448946,0.00015674786118324846,0.9969450831413269,0.0025646064896136522
00659.jpg,0,4,有漂浮物,4,有漂浮物,-7.31640625,-6.80859375,-3.619140625,-4.87109375,4.546875,-2.740234375,7.036856459308183e-06,1.1692808584484737e-05,0.00028384465258568525,8.116418030112982e-05,0.9989327788352966,0.0006835729000158608
00663.jpg,0,4,有漂浮物,4,有漂浮物,-7.23046875,-5.703125,-4.06640625,-4.11328125,4.55859375,-3.142578125,7.580678811791586e-06,3.491604729788378e-05,0.0001794084964785725,0.0001711927616270259,0.9991550445556641,0.00045191467506811023
00667.jpg,0,4,有漂浮物,4,有漂浮物,-6.90625,-3.544921875,-3.0078125,-4.44140625,4.640625,-1.470703125,9.636363756726496e-06,0.000277791841654107,0.0004753167158924043,0.00011333948350511491,0.9969130754470825,0.002210757927969098
00671.jpg,0,4,有漂浮物,4,有漂浮物,-6.25,-6.58203125,-2.50390625,-4.921875,4.58984375,-2.0234375,1.9558090571081266e-05,1.4032243598194327e-05,0.0008283889619633555,7.381146861007437e-05,0.9977248311042786,0.0013393658446148038
00677.jpg,0,4,有漂浮物,4,有漂浮物,-7.7734375,-6.79296875,-5.02734375,-4.94140625,4.9921875,-4.44140625,2.856799937944743e-06,7.615387403347995e-06,4.4513650209410116e-05,4.8508227337151766e-05,0.9998165965080261,7.99765475676395e-05
00678.jpg,0,4,有漂浮物,4,有漂浮物,-7.671875,-7.25,-4.8359375,-4.69140625,4.2890625,-4.5234375,6.386416771420045e-06,9.73812257143436e-06,0.00010886524250963703,0.00012579355097841471,0.999600350856781,0.0001488011475885287
00683.jpg,0,4,有漂浮物,4,有漂浮物,-7.18359375,-6.06640625,-6.99609375,-1.94140625,5.20703125,-4.5,4.1537732613505796e-06,1.2694954421021976e-05,5.0104072215617634e-06,0.0007854090072214603,0.999131977558136,6.08012851444073e-05
00684.jpg,0,4,有漂浮物,4,有漂浮物,-8.015625,-6.65625,-6.26953125,-2.314453125,6.3828125,-4.1015625,5.581497930506885e-07,2.1733007997681852e-06,3.199408183718333e-06,0.00016700838750693947,0.9997990727424622,2.7964464607066475e-05
00689.jpg,0,4,有漂浮物,4,有漂浮物,-7.0078125,-5.67578125,-6.65625,-2.984375,5.02734375,-2.171875,5.925347522861557e-06,2.244955066998955e-05,8.421617167186923e-06,0.00033118491410277784,0.9988856911659241,0.000746336707379669
00691.jpg,0,4,有漂浮物,4,有漂浮物,-7.109375,-4.99609375,-5.71484375,-3.416015625,5.6015625,-2.591796875,3.016614982698229e-06,2.4963545001810417e-05,1.2166260603407864e-05,0.00012120637256884947,0.9995623230934143,0.00027636249433271587
00692.jpg,0,4,有漂浮物,4,有漂浮物,-6.8828125,-5.40625,-6.328125,-1.4794921875,3.646484375,-3.326171875,2.655374009918887e-05,0.0001162488479167223,4.6240595111157745e-05,0.005898721981793642,0.9929816722869873,0.000930582988075912
00696.jpg,0,4,有漂浮物,4,有漂浮物,-5.47265625,-7.99609375,-3.53125,-5.69140625,4.80078125,-4.59375,3.4525019145803526e-05,2.7683367989084218e-06,0.00024058908456936479,2.774162931018509e-05,0.9996111989021301,8.314535807585344e-05
00702.jpg,0,4,有漂浮物,4,有漂浮物,-6.375,-6.40625,-4.46484375,-4.62109375,4.46484375,-5.234375,1.959592009370681e-05,1.899301787489094e-05,0.00013235367077868432,0.00011320809426251799,0.9996546506881714,6.131020927568898e-05
00706.jpg,0,4,有漂浮物,4,有漂浮物,-5.9765625,-7.171875,-4.96484375,-4.18359375,4.1796875,-5.328125,3.881457450916059e-05,1.1745653864636552e-05,0.00010675265366444364,0.00023316923761740327,0.999535322189331,7.423482020385563e-05
00711.jpg,0,4,有漂浮物,4,有漂浮物,-6.7109375,-7.3046875,-5.59375,-4.4375,5.30859375,-2.611328125,6.02266345595126e-06,3.3260307645832654e-06,1.840674303821288e-05,5.8496509154792875e-05,0.9995504021644592,0.00036326731787994504
00715.jpg,0,4,有漂浮物,4,有漂浮物,-6.66015625,-7.2265625,-6.29296875,-3.9375,6.90234375,-4.61328125,1.2878538200311596e-06,7.309361080842791e-07,1.85923397566512e-06,1.9602033717092127e-05,0.9999665021896362,9.97270763036795e-06
00719.jpg,0,4,有漂浮物,4,有漂浮物,-6.390625,-6.9609375,-7.328125,-3.1953125,5.57421875,-4.984375,6.362828571582213e-06,3.597217073547654e-06,2.4917194423323963e-06,0.0001553663023514673,0.9998062252998352,2.596431295387447e-05
00723.jpg,0,4,有漂浮物,4,有漂浮物,-4.4140625,-6.9296875,-4.109375,-4.16015625,4.74609375,-3.37890625,0.00010507419210625812,8.491296284773853e-06,0.0001425017399014905,0.00013544599642045796,0.9993126392364502,0.00029584122239612043
00727.jpg,0,4,有漂浮物,4,有漂浮物,-7.2578125,-7.51953125,-5.4140625,-4.20703125,6.48046875,-4.6875,1.0802403949128347e-06,8.314907518069958e-07,6.827329798397841e-06,2.2827474822406657e-05,0.999954342842102,1.411864286637865e-05
00731.jpg,0,4,有漂浮物,4,有漂浮物,-7.21484375,-7.0859375,-7.109375,-4.828125,7.70703125,-3.94140625,3.307548865905119e-07,3.7626125504175434e-07,3.6754516941073234e-07,3.5978662253910443e-06,0.9999866485595703,8.73256976774428e-06
00736.jpg,0,4,有漂浮物,4,有漂浮物,-6.28125,-5.515625,-5.921875,-4.16796875,5.76171875,-3.033203125,5.884458005311899e-06,1.2653573321586009e-05,8.429096851614304e-06,4.8695950681576505e-05,0.999772846698761,0.00015146603982429951
00741.jpg,0,4,有漂浮物,4,有漂浮物,-6.23828125,-6.0703125,-5.765625,-2.623046875,4.44140625,-3.48046875,2.2977581465966068e-05,2.7180174583918415e-05,3.686178388306871e-05,0.0008538481779396534,0.9986968636512756,0.00036224888754077256
00747.jpg,0,4,有漂浮物,4,有漂浮物,-6.83203125,-4.3984375,-4.140625,-2.37109375,4.3046875,-2.443359375,1.4526375707646366e-05,0.00016559744835831225,0.00021429899788927287,0.001257528318092227,0.9971781969070435,0.001169858267530799
00751.jpg,0,4,有漂浮物,4,有漂浮物,-5.5859375,-7.25,-3.865234375,-2.025390625,3.232421875,-3.060546875,0.000146807826240547,2.780072099994868e-05,0.0008204291807487607,0.005165056325495243,0.9920054078102112,0.0018344777636229992
00757.jpg,0,4,有漂浮物,3,乱占,-2.478515625,-4.67578125,-4.84375,2.638671875,-1.728515625,-2.17578125,0.0058295102789998055,0.0006476967828348279,0.0005475500947795808,0.972743570804596,0.012341072782874107,0.00789056159555912
00761.jpg,0,4,有漂浮物,4,有漂浮物,-5.296875,-6.33203125,-4.7734375,-2.21875,4.98828125,-2.787109375,3.409292912692763e-05,1.2108815099054482e-05,5.7542711147107184e-05,0.0007404180360026658,0.9987364411354065,0.00041941276867873967
00766.jpg,0,4,有漂浮物,4,有漂浮物,-5.71875,-4.3984375,-4.42578125,-3.357421875,4.8671875,-3.41796875,2.5250377802876756e-05,9.455234976485372e-05,9.20019592740573e-05,0.00026778093888424337,0.9992683529853821,0.0002520487178117037
00771.jpg,0,4,有漂浮物,4,有漂浮物,-6.3515625,-3.955078125,-3.380859375,-4.109375,4.46484375,-2.412109375,2.003045483434107e-05,0.0002200243470724672,0.00039070661296136677,0.00018856472161132842,0.9981512427330017,0.0010293748928233981
00775.jpg,0,4,有漂浮物,4,有漂浮物,-4.86328125,-4.68359375,-4.9609375,-3.552734375,5.390625,-2.185546875,3.51931739714928e-05,4.2120715079363436e-05,3.191882206010632e-05,0.00013050336565356702,0.9992480874061584,0.000512134050950408
00779.jpg,0,4,有漂浮物,4,有漂浮物,-4.30078125,-4.8984375,-6.09375,-0.87060546875,1.6591796875,-2.005859375,0.0023249471560120583,0.0012789519969373941,0.00038702291203662753,0.07179918885231018,0.9011378884315491,0.02307198755443096
00781.jpg,0,4,有漂浮物,4,有漂浮物,-4.76953125,-5.0703125,-5.74609375,-1.6796875,2.298828125,-3.0625,0.0008306868257932365,0.0006149073597043753,0.00031283951830118895,0.01825321651995182,0.9754090905189514,0.004579220432788134
00784.jpg,0,4,有漂浮物,4,有漂浮物,-4.81640625,-6.32421875,-5.546875,-2.109375,2.736328125,-4.0,0.0005195082048885524,0.00011501587141538039,0.0002502383722458035,0.007784686982631683,0.9901552200317383,0.0011753118596971035
00789.jpg,0,4,有漂浮物,4,有漂浮物,-7.67578125,-6.81640625,-7.3671875,-2.3359375,4.45703125,-4.1953125,5.372950454329839e-06,1.268921096198028e-05,7.315320999623509e-06,0.0011201532324776053,0.9986799359321594,0.00017448623839300126
00793.jpg,0,4,有漂浮物,4,有漂浮物,-6.24609375,-4.79296875,-2.048828125,-3.14453125,2.935546875,-1.9169921875,0.00010114320321008563,0.00043253463809378445,0.006726451218128204,0.0022486827801913023,0.9828168153762817,0.007674350868910551
00797.jpg,0,4,有漂浮物,4,有漂浮物,-7.14453125,-8.09375,-6.83203125,-1.9208984375,5.0546875,-3.029296875,5.028068244428141e-06,1.9460801468085265e-06,6.8725544224435e-06,0.0009332458721473813,0.9987448453903198,0.0003080525202676654
00798.jpg,0,4,有漂浮物,4,有漂浮物,-7.37890625,-6.9609375,-6.83203125,-2.455078125,5.26953125,-3.044921875,3.210327122360468e-06,4.876079856330762e-06,5.546948159462772e-06,0.00044151011388748884,0.9993000030517578,0.00024477936676703393
00802.jpg,0,4,有漂浮物,4,有漂浮物,-5.4296875,-5.90625,-6.91796875,-2.28125,5.2109375,-3.2890625,2.3904834961285815e-05,1.4842849850538187e-05,5.3967637541063596e-06,0.0005569738568738103,0.9991955161094666,0.00020330469124019146
00808.jpg,0,4,有漂浮物,4,有漂浮物,-6.72265625,-6.6640625,-7.28515625,-2.302734375,5.93359375,-3.115234375,3.1863303320278646e-06,3.378607516424381e-06,1.8155162706534611e-06,0.0002647515502758324,0.9996094107627869,0.00011748278484446928
00812.jpg,0,4,有漂浮物,4,有漂浮物,-6.5703125,-5.6484375,-7.75390625,-1.9501953125,5.64453125,-2.23046875,4.9518689593242016e-06,1.2448997040337417e-05,1.5161456303758314e-06,0.000502644048538059,0.9990986585617065,0.00037978633190505207
00817.jpg,0,4,有漂浮物,4,有漂浮物,-6.1796875,-7.40625,-6.96484375,-3.8515625,4.20703125,-4.0546875,3.081999238929711e-05,9.039475116878748e-06,1.4055409337743185e-05,0.0003161726926919073,0.9993719458580017,0.00025805263430811465
00819.jpg,0,4,有漂浮物,4,有漂浮物,-5.96484375,-4.26953125,-5.77734375,-3.12890625,2.740234375,-3.154296875,0.00016461465565953404,0.0008968780166469514,0.00019856318249367177,0.0028060830663889647,0.9931981563568115,0.0027357316575944424
00823.jpg,0,4,有漂浮物,4,有漂浮物,-7.87109375,-4.95703125,-8.046875,-3.447265625,5.453125,-2.765625,1.633708961890079e-06,3.011174703715369e-05,1.3703574950341135e-06,0.00013627581938635558,0.9995611310005188,0.00026943348348140717
00829.jpg,0,4,有漂浮物,4,有漂浮物,-7.609375,-7.3125,-7.46875,-4.23046875,5.50390625,-3.873046875,2.0179422790533863e-06,2.7154380859428784e-06,2.3226375560625456e-06,5.920373587287031e-05,0.9998490810394287,8.463996346108615e-05
00830.jpg,0,4,有漂浮物,4,有漂浮物,-7.6484375,-7.44921875,-7.453125,-4.5078125,5.77734375,-3.341796875,1.4763613762625027e-06,1.8018236005445942e-06,1.7947990045286133e-06,3.413098238524981e-05,0.9998512268066406,0.00010953248420264572
00831.jpg,0,4,有漂浮物,4,有漂浮物,-7.3125,-7.6015625,-7.3125,-4.0390625,5.1171875,-3.38671875,3.996839041064959e-06,2.9934942631371086e-06,3.996839041064959e-06,0.00010552431194810197,0.9996808767318726,0.0002026104339165613
00836.jpg,0,4,有漂浮物,4,有漂浮物,-7.9921875,-6.71875,-6.953125,-3.626953125,5.0234375,-3.943359375,2.2245762920647394e-06,7.948665370349772e-06,6.287911674007773e-06,0.00017500259855296463,0.9996809959411621,0.00012753547343891114
00840.jpg,0,4,有漂浮物,4,有漂浮物,-7.6328125,-6.6796875,-7.1796875,-2.69140625,4.28125,-4.2421875,6.68775510348496e-06,1.734671604936011e-05,1.0521315743972082e-05,0.000936064578127116,0.9988308548927307,0.00019852265540976077
00846.jpg,0,4,有漂浮物,4,有漂浮物,-7.828125,-7.7734375,-6.75390625,-3.771484375,5.14453125,-4.796875,2.322537739019026e-06,2.453088654874591e-06,6.799704351578839e-06,0.0001341959577985108,0.9998061060905457,4.813022678717971e-05
00850.jpg,0,4,有漂浮物,4,有漂浮物,-7.875,-7.18359375,-7.2578125,-3.423828125,5.2890625,-5.03125,1.917920371852233e-06,3.82916869057226e-06,3.5552625377022196e-06,0.0001644182193558663,0.9997933506965637,3.295000351499766e-05
00855.jpg,0,4,有漂浮物,4,有漂浮物,-8.75,-6.37109375,-7.82421875,-3.236328125,4.89453125,-4.3125,1.18597802156728e-06,1.2800369404430967e-05,2.9932177767477697e-06,0.00029419406200759113,0.9995885491371155,0.00010029017721535638
00857.jpg,0,4,有漂浮物,4,有漂浮物,-7.23828125,-6.21875,-8.0390625,-3.474609375,5.71484375,-3.556640625,2.3683167000854155e-06,6.564725936186733e-06,1.0633222018441302e-06,0.00010208964522462338,0.9997939467430115,9.404939191881567e-05
00860.jpg,0,4,有漂浮物,4,有漂浮物,-7.10546875,-6.4375,-8.15625,-4.0390625,5.60546875,-2.912109375,3.0171070193318883e-06,5.884178790438455e-06,1.0549750868449337e-06,6.476107228081673e-05,0.9997254014015198,0.00019986812549177557
00865.jpg,0,4,有漂浮物,4,有漂浮物,-8.203125,-6.3359375,-6.97265625,-3.294921875,4.57421875,-4.0390625,2.822356236720225e-06,1.826085281209089e-05,9.66045627137646e-06,0.00038213550578802824,0.9994055032730103,0.0001815688010537997
00869.jpg,0,4,有漂浮物,4,有漂浮物,-8.3515625,-6.0078125,-6.99609375,-4.12109375,5.71875,-4.74609375,7.749974884063704e-07,8.075659025053028e-06,3.0058886295591947e-06,5.328064798959531e-05,0.9999064207077026,2.8519078114186414e-05
00873.jpg,0,4,有漂浮物,4,有漂浮物,-8.375,-5.921875,-6.94921875,-4.19140625,5.49609375,-3.8046875,9.457731948714354e-07,1.09942511699046e-05,3.935464064852567e-06,6.204383680596948e-05,0.9998307228088379,9.133737330557778e-05
00880.jpg,0,4,有漂浮物,4,有漂浮物,-6.89453125,-8.1796875,-6.671875,-2.8828125,4.03515625,-4.91796875,1.7897469660965726e-05,4.950572019879473e-06,2.2360938601195812e-05,0.000988687272183597,0.9988369345664978,0.00012918193533550948
00884.jpg,0,4,有漂浮物,4,有漂浮物,-7.53125,-7.5546875,-6.13671875,-5.30859375,5.3359375,-4.64453125,2.5811561954469653e-06,2.521363967389334e-06,1.0410019058326725e-05,2.382877210038714e-05,0.9999144077301025,4.629139948519878e-05
00888.jpg,0,4,有漂浮物,4,有漂浮物,-7.84765625,-6.39453125,-7.9765625,-3.484375,5.5703125,-4.77734375,1.4879268519507605e-06,6.363055945257656e-06,1.3079715017738636e-06,0.00011682359036058187,0.9998419284820557,3.206279143341817e-05
00891.jpg,0,4,有漂浮物,4,有漂浮物,-5.44140625,-4.93359375,-6.17578125,-4.72265625,3.935546875,-3.056640625,8.453788177575916e-05,0.00014047256263438612,4.0561717469245195e-05,0.00017346047388855368,0.9986432194709778,0.0009177870233543217
00897.jpg,0,4,有漂浮物,4,有漂浮物,-6.6640625,-7.1796875,-6.6015625,-5.55078125,5.671875,-3.935546875,4.390665253595216e-06,2.6217860522592673e-06,4.673839157476323e-06,1.336663990514353e-05,0.9999077320098877,6.72217138344422e-05
00901.jpg,0,4,有漂浮物,4,有漂浮物,-5.65625,-5.75390625,-6.734375,-4.4140625,5.046875,-2.927734375,2.246398253191728e-05,2.0373949155327864e-05,7.642985110578593e-06,7.779683801345527e-05,0.9995278120040894,0.0003439268039073795
00905.jpg,0,4,有漂浮物,4,有漂浮物,-5.75,-6.0,-7.0234375,-4.32421875,4.8984375,-3.5078125,2.3729093300062232e-05,1.8480235667084344e-05,6.641012532782042e-06,9.873930684989318e-05,0.9996289014816284,0.0002233833511127159
00911.jpg,0,4,有漂浮物,4,有漂浮物,-5.9375,-4.9921875,-6.28515625,-3.66796875,3.859375,-3.404296875,5.55431361135561e-05,0.00014294678112491965,3.923242911696434e-05,0.0005373723106458783,0.9985254406929016,0.0006994981085881591
00915.jpg,0,4,有漂浮物,4,有漂浮物,-4.80078125,-6.78125,-6.64453125,-4.10546875,4.14453125,-2.41796875,0.00013010698603466153,1.7955353541765362e-05,2.0585915990523063e-05,0.0002607780625112355,0.9981607794761658,0.0014097528764978051
00919.jpg,0,4,有漂浮物,4,有漂浮物,-7.30078125,-6.5390625,-6.421875,-4.015625,5.046875,-3.35546875,4.3383320189605e-06,9.292509275837801e-06,1.0447850399941672e-05,0.00011589054338401183,0.9996356964111328,0.00022425918723456562
00923.jpg,0,4,有漂浮物,4,有漂浮物,-6.18359375,-5.63671875,-4.80078125,-3.0703125,2.779296875,-3.376953125,0.00012732921459246427,0.000220005153096281,0.0005075465887784958,0.002864236943423748,0.9941731095314026,0.002107835141941905
00930.jpg,0,4,有漂浮物,4,有漂浮物,-6.828125,-4.13671875,-7.73828125,-3.615234375,5.06640625,-3.30078125,6.824145202699583e-06,0.00010067255789181218,2.7464545837574406e-06,0.00016958557534962893,0.9994878768920898,0.00023224916367325932
00934.jpg,0,4,有漂浮物,4,有漂浮物,-6.9921875,-6.171875,-7.10546875,-3.765625,4.26171875,-3.826171875,1.2947683899255935e-05,2.94069031951949e-05,1.1560980965441559e-05,0.00032618982368148863,0.9993128776550293,0.0003070260281674564
00939.jpg,0,4,有漂浮物,4,有漂浮物,-5.0546875,-6.12890625,-6.74609375,-2.423828125,2.4140625,-3.958984375,0.0005647108773700893,0.00019288519979454577,0.00010405375360278413,0.007841404527425766,0.9896077513694763,0.001689211349003017
00944.jpg,0,4,有漂浮物,4,有漂浮物,-5.453125,-4.8046875,-4.859375,-3.748046875,2.955078125,-3.89453125,0.00022228773741517216,0.00042513644439168274,0.00040251112659461796,0.001222986145876348,0.9966707825660706,0.0010563411051407456
00945.jpg,0,4,有漂浮物,4,有漂浮物,-5.1484375,-3.525390625,-5.2734375,-2.8046875,2.787109375,-3.251953125,0.00035474574542604387,0.0017980323173105717,0.0003130620170850307,0.003696535248309374,0.9914741516113281,0.002363468986004591
00950.jpg,0,4,有漂浮物,4,有漂浮物,-6.78515625,-3.9296875,-7.18359375,-3.3984375,4.37109375,-1.0966796875,1.4215846931620035e-05,0.0002471081679686904,9.54406823439058e-06,0.00042034510988742113,0.9951087832450867,0.004199975170195103
00955.jpg,0,4,有漂浮物,4,有漂浮物,-5.328125,-4.8828125,-8.1328125,-1.146484375,3.392578125,-2.505859375,0.00016094256716314703,0.00025122781516984105,9.74115937424358e-06,0.010537422262132168,0.9863344430923462,0.0027062338776886463
00959.jpg,0,4,有漂浮物,4,有漂浮物,-7.671875,-6.0,-7.68359375,-3.501953125,4.38671875,-3.365234375,5.789639089925913e-06,3.081325485254638e-05,5.722187324863626e-06,0.0003746498259715736,0.9991534948348999,0.00042953816591762006
00964.jpg,0,4,有漂浮物,4,有漂浮物,-7.796875,-6.49609375,-6.02734375,-3.994140625,4.015625,-3.240234375,7.403070412692614e-06,2.7185289582121186e-05,4.344197077443823e-05,0.0003318320959806442,0.9988848567008972,0.0007052380824461579
00965.jpg,0,4,有漂浮物,4,有漂浮物,-7.50390625,-6.41796875,-6.48046875,-3.861328125,3.748046875,-3.34765625,1.2963613698957488e-05,3.840101999230683e-05,3.607441976782866e-05,0.000495082582347095,0.9985900521278381,0.0008274895953945816
00969.jpg,0,4,有漂浮物,4,有漂浮物,-5.91796875,-7.44140625,-6.0859375,-3.78515625,3.517578125,-3.2421875,7.967594137880951e-05,1.7366277461405843e-05,6.735647184541449e-05,0.0006723508122377098,0.9980060458183289,0.0011571889044716954
00974.jpg,0,4,有漂浮物,4,有漂浮物,-5.234375,-4.65625,-7.828125,-3.48828125,5.84765625,-4.17578125,1.5383611753350124e-05,2.7424253858043812e-05,1.1497595551190898e-06,8.818144124234095e-05,0.9998235106468201,4.434041693457402e-05
00979.jpg,0,4,有漂浮物,4,有漂浮物,-6.9921875,-6.484375,-5.56640625,-3.927734375,5.6796875,-3.92578125,3.1376669085148023e-06,5.213711574469926e-06,1.3056169336778112e-05,6.721742829540744e-05,0.999843955039978,6.734883936587721e-05
00982.jpg,0,4,有漂浮物,4,有漂浮物,-5.1171875,-8.1796875,-6.0625,-5.48046875,6.1015625,-5.3515625,1.3419667084235698e-05,6.276462158893992e-07,5.214320481172763e-06,9.331914043286815e-06,0.9999607801437378,1.0615830433380324e-05
00984.jpg,0,4,有漂浮物,4,有漂浮物,-7.16796875,-3.62890625,-5.5859375,-2.75,5.9140625,-2.7265625,2.0814111394429347e-06,7.167259900597855e-05,1.0125706467078999e-05,0.00017260655295103788,0.9995668530464172,0.00017669980297796428
00986.jpg,0,4,有漂浮物,4,有漂浮物,-7.40234375,-4.1796875,-5.84765625,-2.03125,5.7109375,-3.345703125,2.01701050173142e-06,5.061625415692106e-05,9.547735317028128e-06,0.0004338549333624542,0.9993873834609985,0.00011654262925731018
00987.jpg,0,4,有漂浮物,4,有漂浮物,-6.390625,-5.453125,-5.46875,-1.646484375,4.83203125,-2.58984375,1.3338325516087934e-05,3.406060568522662e-05,3.353254578541964e-05,0.001532693742774427,0.9977896213531494,0.0005967049510218203
00993.jpg,0,4,有漂浮物,4,有漂浮物,-6.26953125,-4.8671875,-6.1328125,-1.853515625,5.34375,-3.22265625,9.036163646669593e-06,3.6729434214066714e-05,1.0360012311139144e-05,0.0007478857878595591,0.9990058541297913,0.0001902063813759014
01001.jpg,0,4,有漂浮物,4,有漂浮物,-6.1640625,-5.0234375,-6.71484375,-1.275390625,5.328125,-3.1875,1.0193194611929357e-05,3.1891686376184225e-05,5.876369414181681e-06,0.001353423111140728,0.9983986020088196,0.0001999930973397568
01004.jpg,0,4,有漂浮物,4,有漂浮物,-6.734375,-4.21875,-5.125,-1.0146484375,4.62890625,-2.939453125,1.1564825399545953e-05,0.00014310708502307534,5.782049265690148e-05,0.003525208216160536,0.995747983455658,0.0005143428570590913
01006.jpg,0,4,有漂浮物,4,有漂浮物,-7.51171875,-2.87109375,-5.8828125,-1.716796875,5.04296875,-3.04296875,3.5217933600506512e-06,0.00036488979822024703,1.795514253899455e-05,0.001157354679889977,0.998149037361145,0.00030726799741387367
01011.jpg,0,4,有漂浮物,4,有漂浮物,-5.48046875,-4.5703125,-4.390625,-0.701171875,4.09375,-2.685546875,6.881918670842424e-05,0.00017099574324674904,0.00020465512352529913,0.008190902881324291,0.9902386665344238,0.001125974697060883
01015.jpg,0,4,有漂浮物,4,有漂浮物,-6.0625,-2.458984375,-5.4765625,-2.177734375,5.41015625,-2.453125,1.039736616803566e-05,0.0003818653931375593,1.8680682842386886e-05,0.0005058894748799503,0.9986990690231323,0.00038410944398492575
01019.jpg,0,4,有漂浮物,4,有漂浮物,-7.01171875,-2.595703125,-6.125,-2.32421875,6.3515625,-2.701171875,1.571147436152387e-06,0.0001300373551202938,3.8134144233481493e-06,0.00017059737001545727,0.999576985836029,0.00011702096526278183
01024.jpg,0,4,有漂浮物,4,有漂浮物,-7.03125,-4.21875,-6.28125,-1.982421875,6.1484375,-3.134765625,1.8877742604672676e-06,3.143426511087455e-05,3.996417945018038e-06,0.0002941902494058013,0.9995755553245544,9.293337643612176e-05
01026.jpg,0,4,有漂浮物,4,有漂浮物,-7.3125,-3.0703125,-5.15625,-3.107421875,7.26953125,-1.751953125,4.645391982194269e-07,3.231327355024405e-05,4.013006218883675e-06,3.113612547167577e-05,0.9998113512992859,0.00012076391431037337
01029.jpg,0,4,有漂浮物,4,有漂浮物,-5.85546875,-3.93359375,-6.296875,-2.267578125,6.625,-2.5390625,3.7991123917890945e-06,2.5962219297070988e-05,2.4433281851088395e-06,0.00013736724213231355,0.9997256398200989,0.0001047078039846383
01033.jpg,0,4,有漂浮物,4,有漂浮物,-6.703125,-4.4921875,-5.2109375,-2.853515625,6.56640625,-2.724609375,1.7259555988857755e-06,1.57480790221598e-05,7.675000233575702e-06,8.107626490527764e-05,0.9998015761375427,9.223101369570941e-05
01037.jpg,0,4,有漂浮物,4,有漂浮物,-7.328125,-2.3046875,-6.1328125,-2.267578125,6.203125,-2.412109375,1.327984477939026e-06,0.00020176422549411654,4.388444267533487e-06,0.00020939222304150462,0.9994019269943237,0.0001812138652894646
01042.jpg,0,4,有漂浮物,4,有漂浮物,-6.796875,-5.3203125,-6.27734375,-1.814453125,5.765625,-2.861328125,3.4983672776434105e-06,1.5315401469706558e-05,5.881593097001314e-06,0.0005101569113321602,0.9992861151695251,0.00017908189329318702
01046.jpg,0,4,有漂浮物,4,有漂浮物,-6.703125,-4.27734375,-5.421875,-1.0302734375,5.1640625,-2.6015625,6.998877324804198e-06,7.916474714875221e-05,2.5203926270478405e-05,0.0020357128232717514,0.9974300265312195,0.0004229746700730175
01050.jpg,0,4,有漂浮物,4,有漂浮物,-7.05859375,-4.734375,-6.8046875,-2.30078125,7.03125,-3.189453125,7.599766718158207e-07,7.765968803141732e-06,9.79648575594183e-07,8.853030885802582e-05,0.9998656511306763,3.640379509306513e-05
01052.jpg,0,4,有漂浮物,4,有漂浮物,-7.7265625,-10.125,-7.61328125,-3.21875,6.40625,-4.01171875,7.280397653630644e-07,6.614956049588727e-08,8.153658654919127e-07,6.605005910387263e-05,0.9999023675918579,2.9887614800827578e-05
01056.jpg,0,4,有漂浮物,4,有漂浮物,-8.0625,-8.609375,-7.4765625,-2.625,6.3515625,-4.62109375,5.495270443134359e-07,3.180418843840016e-07,9.87321300272015e-07,0.00012631801655516028,0.9998546838760376,1.7162195945275016e-05
01060.jpg,0,4,有漂浮物,4,有漂浮物,-7.0,-8.90625,-7.55078125,-2.333984375,5.609375,-4.8828125,3.3392532259313157e-06,4.963356445841782e-07,1.925076958286809e-06,0.00035487397690303624,0.9996116757392883,2.7741642043110915e-05
01065.jpg,0,4,有漂浮物,4,有漂浮物,-9.203125,-6.67578125,-7.04296875,-3.693359375,6.89453125,-2.548828125,1.0205408074170919e-07,1.2777380788975279e-06,8.850632866597152e-07,2.5216870199074037e-05,0.999893307685852,7.920539792394266e-05
01069.jpg,0,4,有漂浮物,4,有漂浮物,-5.38671875,-5.546875,-3.4140625,-3.537109375,4.421875,-2.61328125,5.488232272909954e-05,4.676032403949648e-05,0.00039459014078602195,0.00034890533424913883,0.9982759952545166,0.0008788628038018942
01074.jpg,0,4,有漂浮物,4,有漂浮物,-7.1953125,-4.85546875,-5.86328125,-3.375,5.84765625,-2.837890625,2.164612169508473e-06,2.2467840608442202e-05,8.201133823604323e-06,9.874627721728757e-05,0.9996994733810425,0.00016896019224077463
01079.jpg,0,4,有漂浮物,4,有漂浮物,-6.12890625,-7.0390625,-6.78125,-4.6171875,5.40234375,-3.6328125,9.816631973080803e-06,3.950814971176442e-06,5.112734015710885e-06,4.45136938651558e-05,0.9998175501823425,0.00011912481568288058
01083.jpg,0,4,有漂浮物,4,有漂浮物,-6.375,-6.43359375,-7.80859375,-3.869140625,7.41796875,-3.03515625,1.0227531674900092e-06,9.645481213738094e-07,2.438759736378415e-07,1.2532905202533584e-05,0.9999563694000244,2.8856691642431542e-05
01091.jpg,0,4,有漂浮物,4,有漂浮物,-4.99609375,-4.91796875,-1.4931640625,-3.849609375,3.744140625,-1.9892578125,0.00015852824435569346,0.00017140989075414836,0.00526513671502471,0.0004989057197235525,0.9907000660896301,0.0032059657387435436
01095.jpg,0,4,有漂浮物,4,有漂浮物,-4.46875,-5.00390625,-1.533203125,-3.82421875,3.5390625,-1.8388671875,0.00032888975692912936,0.00019259053806308657,0.0061935861594974995,0.0006265658885240555,0.9880959987640381,0.004562406335026026
01100.jpg,0,4,有漂浮物,4,有漂浮物,-5.00390625,-8.4140625,-3.873046875,-3.794921875,2.4296875,-4.71875,0.0005879972595721483,1.9425098798819818e-05,0.0018218025797978044,0.001969838049262762,0.9948189854621887,0.0007820186438038945
01101.jpg,0,4,有漂浮物,4,有漂浮物,-7.20703125,-6.1015625,-3.927734375,-3.880859375,4.13671875,-3.37109375,1.1828604328911752e-05,3.572995774447918e-05,0.0003141333581879735,0.00032920893863774836,0.9987609386444092,0.0005481002735905349
01106.jpg,0,4,有漂浮物,4,有漂浮物,-7.4375,-4.73046875,-4.546875,-2.79296875,2.998046875,-4.08203125,2.9226644983282313e-05,0.0004379531601443887,0.0005262128543108702,0.003039997536689043,0.9951289892196655,0.0008376074256375432
01108.jpg,0,4,有漂浮物,4,有漂浮物,-6.44140625,-5.27734375,-5.078125,-3.37109375,2.958984375,-2.912109375,8.225805504480377e-05,0.00026346585946157575,0.0003215466276742518,0.001772548770532012,0.9947551488876343,0.0028049980755895376
01113.jpg,0,4,有漂浮物,4,有漂浮物,-6.3515625,-7.3984375,-4.171875,-5.05078125,3.59765625,-3.62890625,4.769866427523084e-05,1.6743806554586627e-05,0.0004218251269776374,0.00017515732906758785,0.9986125230789185,0.0007260069251060486
01114.jpg,0,4,有漂浮物,4,有漂浮物,-5.86328125,-7.734375,-3.5546875,-6.19921875,3.11328125,-3.38671875,0.0001259571872651577,1.9391762180021033e-05,0.001267162966541946,9.001754369819537e-05,0.9969985485076904,0.0014989266637712717
01118.jpg,0,4,有漂浮物,4,有漂浮物,-5.6875,-6.7421875,-3.63671875,-5.3203125,3.298828125,-3.734375,0.0001248334883712232,4.34796602348797e-05,0.0009704520925879478,0.00018021819414570928,0.9978007674217224,0.0008801618241705
01119.jpg,0,4,有漂浮物,4,有漂浮物,-6.2421875,-6.515625,-5.83984375,-4.3359375,3.779296875,-4.1484375,4.439923941390589e-05,3.377715984242968e-05,6.639130151597783e-05,0.00029870972502976656,0.999196469783783,0.00036031269701197743
01125.jpg,0,4,有漂浮物,4,有漂浮物,-6.0,-4.4921875,-4.56640625,-4.04296875,2.728515625,-2.166015625,0.00016026697994675487,0.0007239002152346075,0.000672118563670665,0.0011344149243086576,0.9898974895477295,0.007411776576191187
01132.jpg,0,4,有漂浮物,4,有漂浮物,-6.578125,-5.26171875,-4.21875,-4.44140625,3.52734375,-3.83984375,4.0790106140775606e-05,0.00015214680752251297,0.00043173611629754305,0.00034555725869722664,0.9983990788459778,0.0006306309951469302
01136.jpg,0,4,有漂浮物,4,有漂浮物,-6.14453125,-6.9921875,-3.84375,-5.2578125,2.677734375,-4.1328125,0.00014695229765493423,6.295698403846473e-05,0.001466874498873949,0.0003566756204236299,0.9968679547309875,0.001098638167604804
01141.jpg,0,4,有漂浮物,4,有漂浮物,-4.51953125,-7.1796875,-3.693359375,-4.515625,1.6279296875,-4.125,0.0021125085186213255,0.00014774313603993505,0.004826144780963659,0.002120776567608118,0.9876585602760315,0.003134304890409112
01145.jpg,0,4,有漂浮物,4,有漂浮物,-6.90625,-5.59765625,-3.751953125,-3.419921875,5.0546875,-2.123046875,6.381619186868193e-06,2.3618151317350566e-05,0.0001495631440775469,0.0002084605657728389,0.9988493919372559,0.0007625170983374119
01146.jpg,0,4,有漂浮物,4,有漂浮物,-7.23828125,-5.5390625,-4.06640625,-2.822265625,4.68359375,-2.001953125,6.630216830671998e-06,3.6265111702959985e-05,0.00015814501966815442,0.0005487555754370987,0.9980039000511169,0.0012463388266041875
01147.jpg,0,4,有漂浮物,4,有漂浮物,-7.828125,-5.29296875,-4.33203125,-2.703125,5.08203125,-2.287109375,2.4699390905880136e-06,3.1166688131634146e-05,8.14742743386887e-05,0.00041537993820384145,0.9988399147987366,0.0006296783685684204
01153.jpg,0,4,有漂浮物,4,有漂浮物,-6.4375,-4.51171875,-4.67578125,-3.048828125,4.7421875,-2.244140625,1.3933491572970524e-05,9.559080353938043e-05,8.112686191452667e-05,0.00041280165896750987,0.9984734654426575,0.00092302355915308
01157.jpg,0,4,有漂浮物,4,有漂浮物,-5.9765625,-3.740234375,-3.91015625,-2.892578125,4.28125,-0.75732421875,3.4807722840923816e-05,0.0003257621137890965,0.0002748554979916662,0.0007603840786032379,0.9921720027923584,0.006432236172258854
01161.jpg,0,4,有漂浮物,4,有漂浮物,-6.51171875,-4.765625,-4.109375,-3.8203125,5.421875,-1.5966796875,6.5588069446675945e-06,3.759617902687751e-05,7.246853056130931e-05,9.675818728283048e-05,0.9988924860954285,0.0008941269479691982
01163.jpg,0,4,有漂浮物,4,有漂浮物,-5.98828125,-6.3515625,-4.21484375,-2.939453125,4.81640625,-2.453125,2.0278175725252368e-05,1.4101256965659559e-05,0.00011946013546548784,0.00042767918785102665,0.9987229704856873,0.0006955490098334849
01167.jpg,0,4,有漂浮物,4,有漂浮物,-6.77734375,-5.421875,-3.748046875,-2.919921875,4.48046875,-1.3603515625,1.2856608918809798e-05,4.9865368055179715e-05,0.0002659092133399099,0.0006086722132749856,0.9961673617362976,0.002895318204537034
01171.jpg,0,4,有漂浮物,4,有漂浮物,-6.26171875,-5.48046875,-4.06640625,-2.990234375,4.83984375,-1.4990234375,1.5053391507535707e-05,3.287963045295328e-05,0.00013522172230295837,0.000396663264837116,0.9976580142974854,0.0017621653387323022
01176.jpg,0,4,有漂浮物,4,有漂浮物,-4.65234375,-6.30078125,-6.47265625,-2.14453125,6.47265625,-3.66796875,1.4735655895492528e-05,2.8344068141450407e-06,2.38680968323024e-06,0.00018092502432409674,0.9997596144676208,3.943466072087176e-05
01180.jpg,0,4,有漂浮物,4,有漂浮物,-3.708984375,-6.12109375,-6.046875,-1.9375,6.08984375,-2.89453125,5.548788976739161e-05,4.973159775545355e-06,5.35630442755064e-06,0.00032624517916701734,0.9994825124740601,0.0001252883521374315
01181.jpg,0,4,有漂浮物,4,有漂浮物,-4.7265625,-7.6171875,-5.72265625,-2.82421875,5.76953125,-3.380859375,2.763508200587239e-05,1.5348936130976654e-06,1.0206168553850148e-05,0.00018519879085943103,0.9996693134307861,0.00010614320490276441
01185.jpg,0,4,有漂浮物,4,有漂浮物,-5.19140625,-5.91015625,-7.7734375,-1.0693359375,5.54296875,-3.66015625,2.175096597056836e-05,1.0600573659758084e-05,1.644813323764538e-06,0.0013417478185147047,0.9985236525535583,0.00010057543840957806
01189.jpg,0,4,有漂浮物,4,有漂浮物,-2.177734375,-4.28125,-4.046875,-2.521484375,4.7890625,-3.00390625,0.0009405192104168236,0.00011476843064883724,0.0001450808922527358,0.0006669279537163675,0.9977210164070129,0.00041168570169247687
01193.jpg,0,4,有漂浮物,4,有漂浮物,-1.60546875,-5.21484375,-5.37109375,-2.302734375,5.64453125,-3.90625,0.000709343992639333,1.9201062968932092e-05,1.642353890929371e-05,0.00035321430186741054,0.9988307356834412,7.10624735802412e-05
01197.jpg,0,4,有漂浮物,4,有漂浮物,-2.7578125,-5.890625,-5.01171875,-1.9921875,6.15234375,-4.35546875,0.00013494695303961635,5.883014182472834e-06,1.4167852896207478e-05,0.0002901815460063517,0.9995275735855103,2.7309251890983433e-05
01200.jpg,0,4,有漂浮物,4,有漂浮物,-3.015625,-7.51953125,-1.4443359375,-4.5546875,3.109375,-3.7421875,0.0021567216608673334,2.386560481681954e-05,0.01037997379899025,0.0004627940070349723,0.9859338402748108,0.0010429223766550422
01203.jpg,0,4,有漂浮物,4,有漂浮物,-2.142578125,-5.55859375,-5.984375,-1.8154296875,5.2890625,-3.69140625,0.0005912858177907765,1.9419620002736337e-05,1.268604592041811e-05,0.0008201177697628736,0.9984307885169983,0.000125646372907795
01207.jpg,0,4,有漂浮物,4,有漂浮物,-4.79296875,-5.5,-6.70703125,-0.97900390625,3.970703125,-2.99609375,0.0001550252636661753,7.644388097105548e-05,2.2863132471684366e-05,0.00702726561576128,0.9917833805084229,0.0009349220199510455
01213.jpg,0,4,有漂浮物,4,有漂浮物,-3.353515625,-6.9375,-7.6328125,-0.8408203125,3.77734375,-3.435546875,0.0007909816922619939,2.1961488528177142e-05,1.0956993719446473e-05,0.00975924264639616,0.988688051700592,0.0007286863983608782
01220.jpg,0,4,有漂浮物,4,有漂浮物,-4.125,-5.421875,-7.90234375,-0.496337890625,3.556640625,-4.53515625,0.00045294035226106644,0.00012382700515445322,1.0364812624175102e-05,0.01705881953239441,0.9820535182952881,0.0003005470207426697
01222.jpg,0,4,有漂浮物,4,有漂浮物,-4.00390625,-6.30078125,-1.39453125,-4.8828125,2.322265625,-2.53125,0.0017286691581830382,0.0001738568244036287,0.02349357306957245,0.0007178070954978466,0.9663476943969727,0.0075383856892585754
01225.jpg,0,4,有漂浮物,4,有漂浮物,-6.01953125,-6.66796875,-3.220703125,-4.54296875,2.873046875,-3.97265625,0.00013683954603038728,7.15482237865217e-05,0.0022476427257061005,0.0005990659119561315,0.9958851933479309,0.00105963961686939
01226.jpg,0,4,有漂浮物,4,有漂浮物,-4.8515625,-6.1953125,-3.591796875,-4.08203125,2.443359375,-4.50390625,0.0006751456530764699,0.00017612226656638086,0.0023796153254806995,0.0014574734959751368,0.9943557977676392,0.0009558344609104097
01227.jpg,0,4,有漂浮物,4,有漂浮物,-4.8984375,-7.58984375,-4.25,-4.03515625,2.224609375,-4.7421875,0.000802089343778789,5.4370062571251765e-05,0.0015340358950197697,0.0019016956211999059,0.9947699904441833,0.0009377373498864472
01228.jpg,0,4,有漂浮物,4,有漂浮物,-4.79296875,-7.80859375,-3.833984375,-4.40234375,2.814453125,-4.1328125,0.0004950120928697288,2.4263114028144628e-05,0.0012915090192109346,0.0007315804832614958,0.9964996576309204,0.0009578952449373901
01232.jpg,0,4,有漂浮物,4,有漂浮物,-6.0390625,-3.92578125,-4.8671875,-2.6875,3.92578125,-3.9296875,4.691565845860168e-05,0.00038824352668598294,0.00015144559438340366,0.0013393155531957746,0.9976873397827148,0.0003867298655677587
01239.jpg,0,4,有漂浮物,4,有漂浮物,-5.27734375,-5.87109375,-5.05078125,-3.3125,2.802734375,-4.59375,0.00030850799521431327,0.00017037430370692164,0.0003869557403959334,0.0022008337546139956,0.9963221549987793,0.0006111494731158018
01243.jpg,0,4,有漂浮物,4,有漂浮物,-5.5234375,-5.3515625,-3.462890625,-3.580078125,2.60546875,-3.642578125,0.0002928542671725154,0.0003477730497252196,0.0022989828139543533,0.0020447575952857733,0.993094801902771,0.0019208720186725259
02048.jpg,0,3,乱占,3,乱占,-1.0498046875,-7.74609375,-5.30859375,2.875,-2.3046875,-3.87890625,0.01922975666821003,2.3758138922858052e-05,0.0002718975010793656,0.9738561511039734,0.005482581909745932,0.0011358228512108326
02053.jpg,0,0,乱采,0,乱采,2.70703125,-8.296875,-2.90625,-3.2734375,0.595703125,-4.0390625,0.8861745595932007,1.4742919120180886e-05,0.003233718452975154,0.0022399313747882843,0.10729540139436722,0.0010416647419333458
02054.jpg,0,0,乱采,0,乱采,1.87890625,-6.79296875,-1.486328125,-3.60546875,-0.65576171875,-3.6015625,0.8910022377967834,0.00015266213449649513,0.030787615105509758,0.003698664950206876,0.07064582407474518,0.0037131409626454115
02059.jpg,0,3,乱占,3,乱占,-3.201171875,-5.5703125,-2.751953125,1.607421875,-4.17578125,-0.13134765625,0.006796467583626509,0.0006358849932439625,0.01065065898001194,0.8329693078994751,0.002564577152952552,0.1463831216096878
02063.jpg,0,0,乱采,0,乱采,2.369140625,-7.13671875,-2.962890625,-2.755859375,-0.98291015625,-3.89453125,0.9544064998626709,7.102171366568655e-05,0.004613830242305994,0.005675108637660742,0.033416133373975754,0.001817419775761664
02067.jpg,0,0,乱采,0,乱采,2.138671875,-4.96875,-2.998046875,-3.61328125,-1.24609375,-2.595703125,0.9500772356987,0.000778116867877543,0.005583548918366432,0.003017987124621868,0.03219392150640488,0.0083492211997509
02071.jpg,0,0,乱采,0,乱采,5.7890625,-5.09375,-4.61328125,0.88330078125,-3.890625,-2.388671875,0.9922637939453125,1.863295619841665e-05,3.0126358979032375e-05,0.007346523925662041,6.205721729202196e-05,0.0002786648692563176
02075.jpg,0,3,乱占,3,乱占,-3.1484375,-3.6640625,-4.7578125,2.361328125,-0.08636474609375,-2.384765625,0.003670960199087858,0.0021920304279774427,0.0007342382450588048,0.9070693254470825,0.07845506817102432,0.00787840224802494
02079.jpg,0,3,乱占,3,乱占,-0.61474609375,-8.53125,-5.18359375,2.572265625,-1.0400390625,-3.16796875,0.03852362185716629,1.4048603588889819e-05,0.00039948621997609735,0.9328863024711609,0.025178201496601105,0.0029983106069266796
02085.jpg,0,3,乱占,4,有漂浮物,-2.85546875,-5.76953125,-5.18359375,0.2471923828125,2.37890625,-3.1015625,0.004721379838883877,0.00025615785853005946,0.00046023231698200107,0.10508423298597336,0.8857866525650024,0.0036914057563990355
02086.jpg,0,3,乱占,3,乱占,-2.91015625,-5.01953125,-5.140625,1.974609375,0.833984375,-1.998046875,0.0056100827641785145,0.0006805802113376558,0.0006029606447555125,0.7419865131378174,0.23715314269065857,0.013966684229671955
02090.jpg,0,3,乱占,3,乱占,-5.13671875,-3.4375,-6.984375,1.966796875,0.07659912109375,-2.279296875,0.0007022561621852219,0.0038411107379943132,0.00011067986633861437,0.8541087508201599,0.12900623679161072,0.012230890803039074
02094.jpg,0,0,乱采,0,乱采,4.109375,-9.1953125,-3.912109375,0.12127685546875,-2.79296875,-2.4140625,0.9791069030761719,1.6318407460857998e-06,0.0003214724129065871,0.018147680908441544,0.0009844197193160653,0.001437928294762969
02098.jpg,0,2,乱堆,2,乱堆,-4.4453125,-5.5703125,3.56640625,-4.08984375,-1.173828125,-1.0673828125,0.00032525527058169246,0.00010559492511674762,0.9810013175010681,0.00046409026253968477,0.008570614270865917,0.009533241391181946
02100.jpg,0,2,乱堆,2,乱堆,-3.833984375,-5.5625,4.00390625,-3.892578125,-1.869140625,-0.3740234375,0.0003882104647345841,6.892589590279385e-05,0.9840561151504517,0.0003661173104774207,0.0027694148011505604,0.012351199984550476
02104.jpg,0,2,乱堆,2,乱堆,-3.884765625,-4.625,4.30078125,-2.541015625,-3.7578125,0.021484375,0.00027435869560576975,0.0001308696810156107,0.984592616558075,0.0010517244227230549,0.00031149692949838936,0.013638969510793686
02108.jpg,0,2,乱堆,2,乱堆,-3.529296875,-5.3984375,3.7109375,-2.833984375,-3.298828125,0.06353759765625,0.0006967788795009255,0.00010748243948910385,0.9716029167175293,0.0013965783873572946,0.0008773770532570779,0.025318803265690804
02114.jpg,0,3,乱占,3,乱占,-2.787109375,-6.61328125,-3.654296875,3.81640625,-2.59765625,-3.84375,0.0013501066714525223,2.942271385109052e-05,0.0005672223633155227,0.9959521293640137,0.0016317233676090837,0.0004693262744694948
02118.jpg,0,3,乱占,3,乱占,-1.939453125,-7.9140625,-3.587890625,3.91015625,-2.021484375,-4.39453125,0.0028628623113036156,7.278813882294344e-06,0.0005506722372956574,0.9936960339546204,0.002637392608448863,0.00024579529417678714
02119.jpg,0,3,乱占,3,乱占,-1.3623046875,-7.83203125,-4.875,4.640625,-2.642578125,-3.83984375,0.0024630194529891014,3.816816843027482e-06,7.343847391894087e-05,0.9965683221817017,0.0006846240139566362,0.00020676941494457424
02123.jpg,0,0,乱采,0,乱采,3.68359375,-6.53515625,-2.287109375,-2.970703125,-1.15234375,-3.595703125,0.9876482486724854,3.6029279726790264e-05,0.002520918846130371,0.0012725589331239462,0.007841178216040134,0.0006811516941525042
02127.jpg,0,3,乱占,3,乱占,-2.896484375,-4.22265625,-3.857421875,4.51171875,-3.236328125,-1.603515625,0.0006040605367161334,0.0001603730343049392,0.00023107376182451844,0.9963735938072205,0.0004300195723772049,0.0022009473759680986
02132.jpg,0,3,乱占,3,乱占,-2.865234375,-3.806640625,-4.328125,3.896484375,-2.93359375,-2.1796875,0.0011511899065226316,0.00044905487447977066,0.0002665763604454696,0.9947732090950012,0.0010751247173175216,0.0022849473170936108
02134.jpg,0,3,乱占,3,乱占,-2.798828125,-4.0625,-4.453125,2.62109375,-2.70703125,-2.54296875,0.004353068303316832,0.0012302397517487407,0.0008324218215420842,0.9831904172897339,0.004771581385284662,0.0056222970597445965
02138.jpg,0,2,乱堆,2,乱堆,-4.76171875,-5.1875,2.60546875,-4.7265625,1.0712890625,-2.087890625,0.0005150011857040226,0.00033642927883192897,0.8153369426727295,0.0005334287416189909,0.17581313848495483,0.0074651241302490234
02142.jpg,0,2,乱堆,2,乱堆,-2.470703125,-5.48046875,4.91015625,-4.3515625,-1.9541015625,-1.9248046875,0.0006212829030118883,3.0631257686764e-05,0.9971394538879395,9.47201915550977e-05,0.0010414696298539639,0.0010724328458309174
02146.jpg,0,3,乱占,3,乱占,-1.955078125,-4.52734375,-3.880859375,4.3828125,-2.033203125,-1.689453125,0.001757304766215384,0.00013419189781416208,0.00025614796322770417,0.9939350485801697,0.0016252411296591163,0.0022919573821127415
02150.jpg,0,2,乱堆,3,乱占,-0.5517578125,-3.8828125,-3.046875,3.74609375,-3.44921875,-1.021484375,0.013273125514388084,0.00047458556946367025,0.0010948573471978307,0.9761272072792053,0.0007321867742575705,0.008298002183437347
