camera_group,total_count,train_count,test_count,active_train_count,frame_min,frame_max,members,manual_merge
camera_group_v2_0001,1,1,0,1,0,0,00000.jpg,no
camera_group_v2_0002,1,1,0,1,2,2,00002.jpg,no
camera_group_v2_0003,1,1,0,1,3,3,00003.jpg,no
camera_group_v2_0004,1,1,0,1,4,4,00004.jpg,no
camera_group_v2_0005,24,24,0,24,5,98,00005.jpg|00010.jpg|00021.jpg|00029.jpg|00035.jpg|00036.jpg|00038.jpg|00039.jpg|00041.jpg|00043.jpg|00045.jpg|00046.jpg|00047.jpg|00048.jpg|00050.jpg|00054.jpg|00058.jpg|00064.jpg|00072.jpg|00074.jpg|00075.jpg|00092.jpg|00096.jpg|00098.jpg,no
camera_group_v2_0006,1,1,0,1,6,6,00006.jpg,no
camera_group_v2_0007,1,1,0,1,7,7,00007.jpg,no
camera_group_v2_0008,1,1,0,1,8,8,00008.jpg,no
camera_group_v2_0009,1,1,0,1,9,9,00009.jpg,no
camera_group_v2_0010,1,1,0,1,11,11,00011.jpg,no
camera_group_v2_0011,1,1,0,1,12,12,00012.jpg,no
camera_group_v2_0012,1,1,0,1,13,13,00013.jpg,no
camera_group_v2_0013,1,1,0,1,14,14,00014.jpg,no
camera_group_v2_0014,1,1,0,1,15,15,00015.jpg,no
camera_group_v2_0015,1,1,0,1,16,16,00016.jpg,no
camera_group_v2_0016,1,1,0,1,17,17,00017.jpg,no
camera_group_v2_0017,1,1,0,1,18,18,00018.jpg,no
camera_group_v2_0018,1,1,0,1,19,19,00019.jpg,no
camera_group_v2_0019,1,1,0,1,20,20,00020.jpg,no
camera_group_v2_0020,1,1,0,1,22,22,00022.jpg,no
camera_group_v2_0021,1,1,0,1,23,23,00023.jpg,no
camera_group_v2_0022,1,1,0,1,24,24,00024.jpg,no
camera_group_v2_0023,1,1,0,1,25,25,00025.jpg,no
camera_group_v2_0024,1,1,0,1,26,26,00026.jpg,no
camera_group_v2_0025,1,1,0,1,27,27,00027.jpg,no
camera_group_v2_0026,1,1,0,1,28,28,00028.jpg,no
camera_group_v2_0027,1,1,0,1,30,30,00030.jpg,no
camera_group_v2_0028,1,1,0,1,31,31,00031.jpg,no
camera_group_v2_0029,1,1,0,1,32,32,00032.jpg,no
camera_group_v2_0030,1,1,0,1,33,33,00033.jpg,no
camera_group_v2_0031,1,1,0,1,34,34,00034.jpg,no
camera_group_v2_0032,1,1,0,1,37,37,00037.jpg,no
camera_group_v2_0033,1,1,0,1,40,40,00040.jpg,no
camera_group_v2_0034,1,1,0,1,42,42,00042.jpg,no
camera_group_v2_0035,1,1,0,1,44,44,00044.jpg,no
camera_group_v2_0036,1,1,0,1,49,49,00049.jpg,no
camera_group_v2_0037,1,1,0,1,51,51,00051.jpg,no
camera_group_v2_0038,1,1,0,1,52,52,00052.jpg,no
camera_group_v2_0039,1,1,0,1,53,53,00053.jpg,no
camera_group_v2_0040,1,1,0,1,55,55,00055.jpg,no
camera_group_v2_0041,1,1,0,1,56,56,00056.jpg,no
camera_group_v2_0042,1,1,0,1,57,57,00057.jpg,no
camera_group_v2_0043,1,1,0,1,59,59,00059.jpg,no
camera_group_v2_0044,1,1,0,1,60,60,00060.jpg,no
camera_group_v2_0045,1,1,0,1,61,61,00061.jpg,no
camera_group_v2_0046,1,0,1,0,62,62,00062.jpg,no
camera_group_v2_0047,1,1,0,1,63,63,00063.jpg,no
camera_group_v2_0048,1,1,0,1,65,65,00065.jpg,no
camera_group_v2_0049,1,1,0,1,66,66,00066.jpg,no
camera_group_v2_0050,1,1,0,1,67,67,00067.jpg,no
camera_group_v2_0051,1,1,0,1,68,68,00068.jpg,no
camera_group_v2_0052,1,1,0,1,69,69,00069.jpg,no
camera_group_v2_0053,1,1,0,1,70,70,00070.jpg,no
camera_group_v2_0054,1,1,0,1,71,71,00071.jpg,no
camera_group_v2_0055,1,1,0,1,73,73,00073.jpg,no
camera_group_v2_0056,1,1,0,1,76,76,00076.jpg,no
camera_group_v2_0057,1,1,0,1,77,77,00077.jpg,no
camera_group_v2_0058,1,1,0,1,78,78,00078.jpg,no
camera_group_v2_0059,1,1,0,1,79,79,00079.jpg,no
camera_group_v2_0060,1,1,0,1,80,80,00080.jpg,no
camera_group_v2_0061,1,1,0,1,81,81,00081.jpg,no
camera_group_v2_0062,1,1,0,1,82,82,00082.jpg,no
camera_group_v2_0063,1,1,0,1,83,83,00083.jpg,no
camera_group_v2_0064,1,1,0,1,84,84,00084.jpg,no
camera_group_v2_0065,1,1,0,1,85,85,00085.jpg,no
camera_group_v2_0066,1,1,0,1,86,86,00086.jpg,no
camera_group_v2_0067,1,1,0,1,87,87,00087.jpg,no
camera_group_v2_0068,1,1,0,1,88,88,00088.jpg,no
camera_group_v2_0069,1,1,0,1,89,89,00089.jpg,no
camera_group_v2_0070,1,1,0,1,90,90,00090.jpg,no
camera_group_v2_0071,1,1,0,1,91,91,00091.jpg,no
camera_group_v2_0072,2,2,0,2,93,113,00093.jpg|00113.jpg,no
camera_group_v2_0073,1,1,0,1,94,94,00094.jpg,no
camera_group_v2_0074,1,1,0,1,95,95,00095.jpg,no
camera_group_v2_0075,1,1,0,1,97,97,00097.jpg,no
camera_group_v2_0076,1,1,0,1,99,99,00099.jpg,no
camera_group_v2_0077,1,1,0,1,100,100,00100.jpg,no
camera_group_v2_0078,1,1,0,1,101,101,00101.jpg,no
camera_group_v2_0079,1,1,0,1,102,102,00102.jpg,no
camera_group_v2_0080,1,1,0,1,103,103,00103.jpg,no
camera_group_v2_0081,1,1,0,1,104,104,00104.jpg,no
camera_group_v2_0082,1,1,0,1,105,105,00105.jpg,no
camera_group_v2_0083,1,1,0,1,106,106,00106.jpg,no
camera_group_v2_0084,1,1,0,1,107,107,00107.jpg,no
camera_group_v2_0085,1,1,0,1,108,108,00108.jpg,no
camera_group_v2_0086,1,1,0,1,109,109,00109.jpg,no
camera_group_v2_0087,1,1,0,1,110,110,00110.jpg,no
camera_group_v2_0088,1,1,0,1,111,111,00111.jpg,no
camera_group_v2_0089,1,1,0,1,112,112,00112.jpg,no
camera_group_v2_0090,1,1,0,1,114,114,00114.jpg,no
camera_group_v2_0091,1,1,0,1,115,115,00115.jpg,no
camera_group_v2_0092,1,1,0,1,116,116,00116.jpg,no
camera_group_v2_0093,1,1,0,1,117,117,00117.jpg,no
camera_group_v2_0094,1,1,0,1,118,118,00118.jpg,no
camera_group_v2_0095,1,1,0,1,119,119,00119.jpg,no
camera_group_v2_0096,1,1,0,1,120,120,00120.jpg,no
camera_group_v2_0097,1,1,0,1,121,121,00121.jpg,no
camera_group_v2_0098,1,1,0,1,122,122,00122.jpg,no
camera_group_v2_0099,1,1,0,1,123,123,00123.jpg,no
camera_group_v2_0100,8,8,0,8,124,171,00124.jpg|00133.jpg|00137.jpg|00138.jpg|00139.jpg|00140.jpg|00144.jpg|00171.jpg,no
camera_group_v2_0101,1,1,0,1,125,125,00125.jpg,no
camera_group_v2_0102,1,1,0,1,126,126,00126.jpg,no
camera_group_v2_0103,3,3,0,2,127,149,00127.jpg|00128.jpg|00149.jpg,no
camera_group_v2_0104,1,1,0,1,129,129,00129.jpg,no
camera_group_v2_0105,1,1,0,1,130,130,00130.jpg,no
camera_group_v2_0106,1,1,0,1,131,131,00131.jpg,no
camera_group_v2_0107,1,1,0,1,132,132,00132.jpg,no
camera_group_v2_0108,1,1,0,1,134,134,00134.jpg,no
camera_group_v2_0109,1,1,0,1,135,135,00135.jpg,no
camera_group_v2_0110,1,1,0,1,136,136,00136.jpg,no
camera_group_v2_0111,1,1,0,1,141,141,00141.jpg,no
camera_group_v2_0112,1,1,0,1,142,142,00142.jpg,no
camera_group_v2_0113,2,2,0,2,143,214,00143.jpg|00214.jpg,yes
camera_group_v2_0114,1,1,0,1,145,145,00145.jpg,no
camera_group_v2_0115,1,1,0,1,146,146,00146.jpg,no
camera_group_v2_0116,1,1,0,1,147,147,00147.jpg,no
camera_group_v2_0117,1,1,0,1,148,148,00148.jpg,no
camera_group_v2_0118,1,1,0,1,150,150,00150.jpg,no
camera_group_v2_0119,1,1,0,1,151,151,00151.jpg,no
camera_group_v2_0120,1,1,0,1,152,152,00152.jpg,no
camera_group_v2_0121,1,1,0,1,153,153,00153.jpg,no
camera_group_v2_0122,2,2,0,1,154,155,00154.jpg|00155.jpg,no
camera_group_v2_0123,1,1,0,1,156,156,00156.jpg,no
camera_group_v2_0124,2,2,0,2,157,158,00157.jpg|00158.jpg,no
camera_group_v2_0125,1,1,0,1,159,159,00159.jpg,no
camera_group_v2_0126,1,1,0,1,160,160,00160.jpg,no
camera_group_v2_0127,2,2,0,1,161,162,00161.jpg|00162.jpg,no
camera_group_v2_0128,1,1,0,1,163,163,00163.jpg,no
camera_group_v2_0129,1,1,0,1,164,164,00164.jpg,no
camera_group_v2_0130,1,1,0,1,165,165,00165.jpg,no
camera_group_v2_0131,1,1,0,1,166,166,00166.jpg,no
camera_group_v2_0132,1,0,1,0,167,167,00167.jpg,no
camera_group_v2_0133,1,1,0,1,168,168,00168.jpg,no
camera_group_v2_0134,1,1,0,1,169,169,00169.jpg,no
camera_group_v2_0135,1,1,0,1,170,170,00170.jpg,no
camera_group_v2_0136,1,1,0,1,172,172,00172.jpg,no
camera_group_v2_0137,1,1,0,1,173,173,00173.jpg,no
camera_group_v2_0138,1,1,0,1,174,174,00174.jpg,no
camera_group_v2_0139,1,1,0,1,175,175,00175.jpg,no
camera_group_v2_0140,2,2,0,1,176,177,00176.jpg|00177.jpg,no
camera_group_v2_0141,1,1,0,1,178,178,00178.jpg,no
camera_group_v2_0142,1,1,0,1,179,179,00179.jpg,no
camera_group_v2_0143,1,1,0,1,180,180,00180.jpg,no
camera_group_v2_0144,1,1,0,1,181,181,00181.jpg,no
camera_group_v2_0145,1,1,0,1,182,182,00182.jpg,no
camera_group_v2_0146,1,1,0,1,183,183,00183.jpg,no
camera_group_v2_0147,1,1,0,1,184,184,00184.jpg,no
camera_group_v2_0148,1,1,0,1,185,185,00185.jpg,no
camera_group_v2_0149,1,1,0,1,186,186,00186.jpg,no
camera_group_v2_0150,1,1,0,1,187,187,00187.jpg,no
camera_group_v2_0151,1,1,0,1,188,188,00188.jpg,no
camera_group_v2_0152,1,1,0,1,189,189,00189.jpg,no
camera_group_v2_0153,1,1,0,1,190,190,00190.jpg,no
camera_group_v2_0154,1,1,0,1,191,191,00191.jpg,no
camera_group_v2_0155,1,1,0,1,192,192,00192.jpg,no
camera_group_v2_0156,1,1,0,1,193,193,00193.jpg,no
camera_group_v2_0157,1,1,0,1,194,194,00194.jpg,no
camera_group_v2_0158,1,1,0,1,195,195,00195.jpg,no
camera_group_v2_0159,1,1,0,1,196,196,00196.jpg,no
camera_group_v2_0160,1,1,0,1,197,197,00197.jpg,no
camera_group_v2_0161,1,1,0,1,198,198,00198.jpg,no
camera_group_v2_0162,1,1,0,1,199,199,00199.jpg,no
camera_group_v2_0163,1,1,0,1,200,200,00200.jpg,no
camera_group_v2_0164,1,1,0,1,201,201,00201.jpg,no
camera_group_v2_0165,1,1,0,1,202,202,00202.jpg,no
camera_group_v2_0166,1,1,0,1,203,203,00203.jpg,no
camera_group_v2_0167,1,1,0,1,204,204,00204.jpg,no
camera_group_v2_0168,1,1,0,1,205,205,00205.jpg,no
camera_group_v2_0169,1,1,0,1,206,206,00206.jpg,no
camera_group_v2_0170,1,1,0,1,207,207,00207.jpg,no
camera_group_v2_0171,1,1,0,1,208,208,00208.jpg,no
camera_group_v2_0172,1,1,0,1,209,209,00209.jpg,no
camera_group_v2_0173,1,1,0,1,210,210,00210.jpg,no
camera_group_v2_0174,1,1,0,1,211,211,00211.jpg,no
camera_group_v2_0175,1,1,0,1,212,212,00212.jpg,no
camera_group_v2_0176,1,1,0,1,213,213,00213.jpg,no
camera_group_v2_0177,2,2,0,1,215,216,00215.jpg|00216.jpg,no
camera_group_v2_0178,1,1,0,1,217,217,00217.jpg,no
camera_group_v2_0179,1,1,0,1,218,218,00218.jpg,no
camera_group_v2_0180,1,1,0,1,219,219,00219.jpg,no
camera_group_v2_0181,1,1,0,1,220,220,00220.jpg,no
camera_group_v2_0182,2,1,1,1,221,246,00221.jpg|00246.jpg,no
camera_group_v2_0183,2,1,1,1,222,243,00222.jpg|00243.jpg,no
camera_group_v2_0184,1,1,0,1,223,223,00223.jpg,no
camera_group_v2_0185,1,1,0,1,224,224,00224.jpg,no
camera_group_v2_0186,1,1,0,1,225,225,00225.jpg,no
camera_group_v2_0187,1,1,0,1,226,226,00226.jpg,no
camera_group_v2_0188,1,1,0,1,227,227,00227.jpg,no
camera_group_v2_0189,1,1,0,1,228,228,00228.jpg,no
camera_group_v2_0190,1,1,0,1,229,229,00229.jpg,no
camera_group_v2_0191,1,1,0,1,230,230,00230.jpg,no
camera_group_v2_0192,1,1,0,1,231,231,00231.jpg,no
camera_group_v2_0193,1,1,0,1,232,232,00232.jpg,no
camera_group_v2_0194,1,1,0,1,233,233,00233.jpg,no
camera_group_v2_0195,1,0,1,0,234,234,00234.jpg,no
camera_group_v2_0196,1,0,1,0,235,235,00235.jpg,no
camera_group_v2_0197,1,0,1,0,236,236,00236.jpg,no
camera_group_v2_0198,1,0,1,0,237,237,00237.jpg,no
camera_group_v2_0199,2,0,2,0,238,239,00238.jpg|00239.jpg,no
camera_group_v2_0200,1,0,1,0,240,240,00240.jpg,no
camera_group_v2_0201,1,0,1,0,241,241,00241.jpg,no
camera_group_v2_0202,1,0,1,0,242,242,00242.jpg,no
camera_group_v2_0203,1,0,1,0,244,244,00244.jpg,no
camera_group_v2_0204,1,0,1,0,245,245,00245.jpg,no
camera_group_v2_0205,17,0,17,0,247,336,00247.jpg|00256.jpg|00258.jpg|00263.jpg|00264.jpg|00274.jpg|00292.jpg|00293.jpg|00294.jpg|00305.jpg|00319.jpg|00323.jpg|00324.jpg|00326.jpg|00329.jpg|00332.jpg|00336.jpg,no
camera_group_v2_0206,1,0,1,0,248,248,00248.jpg,no
camera_group_v2_0207,1,0,1,0,249,249,00249.jpg,no
camera_group_v2_0208,1,0,1,0,250,250,00250.jpg,no
camera_group_v2_0209,1,0,1,0,251,251,00251.jpg,no
camera_group_v2_0210,1,0,1,0,252,252,00252.jpg,no
camera_group_v2_0211,1,0,1,0,253,253,00253.jpg,no
camera_group_v2_0212,1,0,1,0,254,254,00254.jpg,no
camera_group_v2_0213,1,0,1,0,255,255,00255.jpg,no
camera_group_v2_0214,1,0,1,0,257,257,00257.jpg,no
camera_group_v2_0215,1,0,1,0,259,259,00259.jpg,no
camera_group_v2_0216,1,0,1,0,260,260,00260.jpg,no
camera_group_v2_0217,1,0,1,0,261,261,00261.jpg,no
camera_group_v2_0218,1,0,1,0,262,262,00262.jpg,no
camera_group_v2_0219,1,0,1,0,265,265,00265.jpg,no
camera_group_v2_0220,1,0,1,0,266,266,00266.jpg,no
camera_group_v2_0221,1,0,1,0,267,267,00267.jpg,no
camera_group_v2_0222,1,0,1,0,268,268,00268.jpg,no
camera_group_v2_0223,1,0,1,0,269,269,00269.jpg,no
camera_group_v2_0224,1,0,1,0,270,270,00270.jpg,no
camera_group_v2_0225,1,0,1,0,271,271,00271.jpg,no
camera_group_v2_0226,1,0,1,0,272,272,00272.jpg,no
camera_group_v2_0227,1,0,1,0,273,273,00273.jpg,no
camera_group_v2_0228,1,0,1,0,275,275,00275.jpg,no
camera_group_v2_0229,2,0,2,0,276,278,00276.jpg|00278.jpg,no
camera_group_v2_0230,1,0,1,0,277,277,00277.jpg,no
camera_group_v2_0231,1,0,1,0,279,279,00279.jpg,no
camera_group_v2_0232,1,0,1,0,280,280,00280.jpg,no
camera_group_v2_0233,1,0,1,0,281,281,00281.jpg,no
camera_group_v2_0234,1,0,1,0,282,282,00282.jpg,no
camera_group_v2_0235,1,0,1,0,283,283,00283.jpg,no
camera_group_v2_0236,1,0,1,0,284,284,00284.jpg,no
camera_group_v2_0237,1,0,1,0,285,285,00285.jpg,no
camera_group_v2_0238,2,0,2,0,286,287,00286.jpg|00287.jpg,no
camera_group_v2_0239,1,0,1,0,288,288,00288.jpg,no
camera_group_v2_0240,1,0,1,0,289,289,00289.jpg,no
camera_group_v2_0241,1,0,1,0,290,290,00290.jpg,no
camera_group_v2_0242,1,0,1,0,291,291,00291.jpg,no
camera_group_v2_0243,1,0,1,0,295,295,00295.jpg,no
camera_group_v2_0244,1,0,1,0,296,296,00296.jpg,no
camera_group_v2_0245,1,0,1,0,297,297,00297.jpg,no
camera_group_v2_0246,1,0,1,0,298,298,00298.jpg,no
camera_group_v2_0247,1,0,1,0,299,299,00299.jpg,no
camera_group_v2_0248,1,0,1,0,300,300,00300.jpg,no
camera_group_v2_0249,1,0,1,0,301,301,00301.jpg,no
camera_group_v2_0250,1,0,1,0,302,302,00302.jpg,no
camera_group_v2_0251,2,0,2,0,303,304,00303.jpg|00304.jpg,no
camera_group_v2_0252,1,0,1,0,306,306,00306.jpg,no
camera_group_v2_0253,3,0,3,0,307,309,00307.jpg|00308.jpg|00309.jpg,no
camera_group_v2_0254,1,0,1,0,310,310,00310.jpg,no
camera_group_v2_0255,1,0,1,0,311,311,00311.jpg,no
camera_group_v2_0256,1,0,1,0,312,312,00312.jpg,no
camera_group_v2_0257,1,0,1,0,313,313,00313.jpg,no
camera_group_v2_0258,1,0,1,0,314,314,00314.jpg,no
camera_group_v2_0259,1,0,1,0,315,315,00315.jpg,no
camera_group_v2_0260,1,0,1,0,316,316,00316.jpg,no
camera_group_v2_0261,1,0,1,0,317,317,00317.jpg,no
camera_group_v2_0262,1,0,1,0,318,318,00318.jpg,no
camera_group_v2_0263,1,0,1,0,320,320,00320.jpg,no
camera_group_v2_0264,1,0,1,0,321,321,00321.jpg,no
camera_group_v2_0265,1,0,1,0,322,322,00322.jpg,no
camera_group_v2_0266,1,0,1,0,325,325,00325.jpg,no
camera_group_v2_0267,1,0,1,0,327,327,00327.jpg,no
camera_group_v2_0268,1,0,1,0,328,328,00328.jpg,no
camera_group_v2_0269,1,0,1,0,330,330,00330.jpg,no
camera_group_v2_0270,1,0,1,0,331,331,00331.jpg,no
camera_group_v2_0271,1,0,1,0,333,333,00333.jpg,no
camera_group_v2_0272,1,0,1,0,334,334,00334.jpg,no
camera_group_v2_0273,1,0,1,0,335,335,00335.jpg,no
camera_group_v2_0274,1,0,1,0,337,337,00337.jpg,no
camera_group_v2_0275,1,0,1,0,338,338,00338.jpg,no
camera_group_v2_0276,1,0,1,0,339,339,00339.jpg,no
camera_group_v2_0277,1,0,1,0,340,340,00340.jpg,no
camera_group_v2_0278,1,0,1,0,341,341,00341.jpg,no
camera_group_v2_0279,1,0,1,0,431,431,00431.jpg,no
camera_group_v2_0280,1,0,1,0,437,437,00437.png,no
camera_group_v2_0281,1,0,1,0,438,438,00438.png,no
camera_group_v2_0282,1,0,1,0,441,441,00441.jpg,no
camera_group_v2_0283,51,51,0,51,443,493,00443.jpg|00444.jpg|00445.jpg|00446.jpg|00447.jpg|00448.jpg|00449.jpg|00450.jpg|00451.jpg|00452.jpg|00453.jpg|00454.jpg|00455.jpg|00456.jpg|00457.jpg|00458.jpg|00459.jpg|00460.jpg|00461.jpg|00462.jpg|00463.jpg|00464.jpg|00465.jpg|00466.jpg|00467.jpg|00468.jpg|00469.jpg|00470.jpg|00471.jpg|00472.jpg|00473.jpg|00474.jpg|00475.jpg|00476.jpg|00477.jpg|00478.jpg|00479.jpg|00480.jpg|00481.jpg|00482.jpg|00483.jpg|00484.jpg|00485.jpg|00486.jpg|00487.jpg|00488.jpg|00489.jpg|00490.jpg|00491.jpg|00492.jpg|00493.jpg,no
camera_group_v2_0284,1,1,0,1,494,494,00494.jpg,no
camera_group_v2_0285,1,1,0,1,495,495,00495.jpg,no
camera_group_v2_0286,3,3,0,3,496,524,00496.jpg|00499.jpg|00524.jpg,no
camera_group_v2_0287,2,2,0,2,497,498,00497.jpg|00498.jpg,no
camera_group_v2_0288,21,21,0,21,500,520,00500.jpg|00501.jpg|00502.jpg|00503.jpg|00504.jpg|00505.jpg|00506.jpg|00507.jpg|00508.jpg|00509.jpg|00510.jpg|00511.jpg|00512.jpg|00513.jpg|00514.jpg|00515.jpg|00516.jpg|00517.jpg|00518.jpg|00519.jpg|00520.jpg,no
camera_group_v2_0289,2,2,0,2,521,522,00521.jpg|00522.jpg,no
camera_group_v2_0290,1,1,0,1,523,523,00523.jpg,no
camera_group_v2_0291,28,28,0,28,525,552,00525.jpg|00526.jpg|00527.jpg|00528.jpg|00529.jpg|00530.jpg|00531.jpg|00532.jpg|00533.jpg|00534.jpg|00535.jpg|00536.jpg|00537.jpg|00538.jpg|00539.jpg|00540.jpg|00541.jpg|00542.jpg|00543.jpg|00544.jpg|00545.jpg|00546.jpg|00547.jpg|00548.jpg|00549.jpg|00550.jpg|00551.jpg|00552.jpg,no
camera_group_v2_0292,29,29,0,29,553,581,00553.jpg|00554.jpg|00555.jpg|00556.jpg|00557.jpg|00558.jpg|00559.jpg|00560.jpg|00561.jpg|00562.jpg|00563.jpg|00564.jpg|00565.jpg|00566.jpg|00567.jpg|00568.jpg|00569.jpg|00570.jpg|00571.jpg|00572.jpg|00573.jpg|00574.jpg|00575.jpg|00576.jpg|00577.jpg|00578.jpg|00579.jpg|00580.jpg|00581.jpg,no
camera_group_v2_0293,1,1,0,1,582,582,00582.jpg,no
camera_group_v2_0294,1,1,0,1,583,583,00583.jpg,no
camera_group_v2_0295,1,1,0,1,584,584,00584.jpg,no
camera_group_v2_0296,1,1,0,1,585,585,00585.jpg,no
camera_group_v2_0297,1,1,0,1,586,586,00586.jpg,no
camera_group_v2_0298,29,29,0,29,587,615,00587.jpg|00588.jpg|00589.jpg|00590.jpg|00591.jpg|00592.jpg|00593.jpg|00594.jpg|00595.jpg|00596.jpg|00597.jpg|00598.jpg|00599.jpg|00600.jpg|00601.jpg|00602.jpg|00603.jpg|00604.jpg|00605.jpg|00606.jpg|00607.jpg|00608.jpg|00609.jpg|00610.jpg|00611.jpg|00612.jpg|00613.jpg|00614.jpg|00615.jpg,no
camera_group_v2_0299,6,6,0,6,616,633,00616.jpg|00619.jpg|00620.jpg|00627.jpg|00629.jpg|00633.jpg,no
camera_group_v2_0300,12,12,0,12,617,632,00617.jpg|00618.jpg|00621.jpg|00622.jpg|00623.jpg|00624.jpg|00625.jpg|00626.jpg|00628.jpg|00630.jpg|00631.jpg|00632.jpg,no
camera_group_v2_0301,12,12,0,12,634,769,00634.jpg|00759.jpg|00760.jpg|00761.jpg|00762.jpg|00763.jpg|00764.jpg|00765.jpg|00766.jpg|00767.jpg|00768.jpg|00769.jpg,yes
camera_group_v2_0302,20,20,0,20,635,654,00635.jpg|00636.jpg|00637.jpg|00638.jpg|00639.jpg|00640.jpg|00641.jpg|00642.jpg|00643.jpg|00644.jpg|00645.jpg|00646.jpg|00647.jpg|00648.jpg|00649.jpg|00650.jpg|00651.jpg|00652.jpg|00653.jpg|00654.jpg,no
camera_group_v2_0303,28,28,0,28,655,682,00655.jpg|00656.jpg|00657.jpg|00658.jpg|00659.jpg|00660.jpg|00661.jpg|00662.jpg|00663.jpg|00664.jpg|00665.jpg|00666.jpg|00667.jpg|00668.jpg|00669.jpg|00670.jpg|00671.jpg|00672.jpg|00673.jpg|00674.jpg|00675.jpg|00676.jpg|00677.jpg|00678.jpg|00679.jpg|00680.jpg|00681.jpg|00682.jpg,no
camera_group_v2_0304,10,10,0,10,683,694,00683.jpg|00684.jpg|00685.jpg|00686.jpg|00687.jpg|00688.jpg|00691.jpg|00692.jpg|00693.jpg|00694.jpg,no
camera_group_v2_0305,2,2,0,2,689,690,00689.jpg|00690.jpg,no
camera_group_v2_0306,14,14,0,14,695,708,00695.jpg|00696.jpg|00697.jpg|00698.jpg|00699.jpg|00700.jpg|00701.jpg|00702.jpg|00703.jpg|00704.jpg|00705.jpg|00706.jpg|00707.jpg|00708.jpg,no
camera_group_v2_0307,1,1,0,1,709,709,00709.jpg,no
camera_group_v2_0308,1,1,0,1,710,710,00710.jpg,no
camera_group_v2_0309,36,36,0,36,711,746,00711.jpg|00712.jpg|00713.jpg|00714.jpg|00715.jpg|00716.jpg|00717.jpg|00718.jpg|00719.jpg|00720.jpg|00721.jpg|00722.jpg|00723.jpg|00724.jpg|00725.jpg|00726.jpg|00727.jpg|00728.jpg|00729.jpg|00730.jpg|00731.jpg|00732.jpg|00733.jpg|00734.jpg|00735.jpg|00736.jpg|00737.jpg|00738.jpg|00739.jpg|00740.jpg|00741.jpg|00742.jpg|00743.jpg|00744.jpg|00745.jpg|00746.jpg,no
camera_group_v2_0310,8,8,0,8,747,754,00747.jpg|00748.jpg|00749.jpg|00750.jpg|00751.jpg|00752.jpg|00753.jpg|00754.jpg,no
camera_group_v2_0311,3,3,0,3,755,758,00755.jpg|00757.jpg|00758.jpg,no
camera_group_v2_0312,1,1,0,1,756,756,00756.jpg,no
camera_group_v2_0313,3,3,0,3,770,772,00770.jpg|00771.jpg|00772.jpg,no
camera_group_v2_0314,3,3,0,3,773,775,00773.jpg|00774.jpg|00775.jpg,no
camera_group_v2_0315,2,2,0,2,776,777,00776.jpg|00777.jpg,no
camera_group_v2_0316,1,1,0,1,778,778,00778.jpg,no
camera_group_v2_0317,7,7,0,7,779,785,00779.jpg|00780.jpg|00781.jpg|00782.jpg|00783.jpg|00784.jpg|00785.jpg,no
camera_group_v2_0318,5,5,0,5,786,790,00786.jpg|00787.jpg|00788.jpg|00789.jpg|00790.jpg,no
camera_group_v2_0319,3,3,0,3,791,793,00791.jpg|00792.jpg|00793.jpg,no
camera_group_v2_0320,26,26,0,26,794,819,00794.jpg|00795.jpg|00796.jpg|00797.jpg|00798.jpg|00799.jpg|00800.jpg|00801.jpg|00802.jpg|00803.jpg|00804.jpg|00805.jpg|00806.jpg|00807.jpg|00808.jpg|00809.jpg|00810.jpg|00811.jpg|00812.jpg|00813.jpg|00814.jpg|00815.jpg|00816.jpg|00817.jpg|00818.jpg|00819.jpg,no
camera_group_v2_0321,140,140,0,140,820,983,00820.jpg|00821.jpg|00822.jpg|00823.jpg|00824.jpg|00825.jpg|00826.jpg|00827.jpg|00828.jpg|00829.jpg|00830.jpg|00831.jpg|00832.jpg|00833.jpg|00834.jpg|00835.jpg|00836.jpg|00837.jpg|00838.jpg|00839.jpg|00840.jpg|00841.jpg|00842.jpg|00843.jpg|00844.jpg|00845.jpg|00846.jpg|00847.jpg|00848.jpg|00849.jpg|00850.jpg|00851.jpg|00852.jpg|00853.jpg|00854.jpg|00855.jpg|00856.jpg|00857.jpg|00858.jpg|00859.jpg|00860.jpg|00861.jpg|00862.jpg|00863.jpg|00864.jpg|00865.jpg|00866.jpg|00867.jpg|00868.jpg|00869.jpg|00870.jpg|00871.jpg|00872.jpg|00873.jpg|00874.jpg|00875.jpg|00876.jpg|00877.jpg|00878.jpg|00879.jpg|00880.jpg|00881.jpg|00882.jpg|00883.jpg|00884.jpg|00885.jpg|00886.jpg|00887.jpg|00888.jpg|00889.jpg|00890.jpg|00891.jpg|00892.jpg|00893.jpg|00894.jpg|00895.jpg|00896.jpg|00897.jpg|00898.jpg|00899.jpg|00918.jpg|00919.jpg|00920.jpg|00921.jpg|00922.jpg|00923.jpg|00924.jpg|00925.jpg|00926.jpg|00927.jpg|00928.jpg|00929.jpg|00930.jpg|00931.jpg|00932.jpg|00933.jpg|00934.jpg|00935.jpg|00936.jpg|00937.jpg|00938.jpg|00939.jpg|00940.jpg|00941.jpg|00942.jpg|00943.jpg|00944.jpg|00945.jpg|00946.jpg|00947.jpg|00948.jpg|00949.jpg|00950.jpg|00951.jpg|00952.jpg|00953.jpg|00954.jpg|00955.jpg|00956.jpg|00957.jpg|00958.jpg|00959.jpg|00960.jpg|00961.jpg|00962.jpg|00963.jpg|00964.jpg|00965.jpg|00966.jpg|00967.jpg|00968.jpg|00969.jpg|00970.jpg|00971.jpg|00972.jpg|00979.jpg|00980.jpg|00981.jpg|00982.jpg|00983.jpg,no
camera_group_v2_0322,16,16,0,16,900,915,00900.jpg|00901.jpg|00902.jpg|00903.jpg|00904.jpg|00905.jpg|00906.jpg|00907.jpg|00908.jpg|00909.jpg|00910.jpg|00911.jpg|00912.jpg|00913.jpg|00914.jpg|00915.jpg,no
camera_group_v2_0323,1,1,0,1,916,916,00916.jpg,no
camera_group_v2_0324,1,1,0,1,917,917,00917.jpg,no
camera_group_v2_0325,1,1,0,1,973,973,00973.jpg,no
camera_group_v2_0326,4,4,0,4,974,977,00974.jpg|00975.jpg|00976.jpg|00977.jpg,no
camera_group_v2_0327,1,1,0,1,978,978,00978.jpg,no
camera_group_v2_0328,67,67,0,67,984,1050,00984.jpg|00985.jpg|00986.jpg|00987.jpg|00988.jpg|00989.jpg|00990.jpg|00991.jpg|00992.jpg|00993.jpg|00994.jpg|00995.jpg|00996.jpg|00997.jpg|00998.jpg|00999.jpg|01000.jpg|01001.jpg|01002.jpg|01003.jpg|01004.jpg|01005.jpg|01006.jpg|01007.jpg|01008.jpg|01009.jpg|01010.jpg|01011.jpg|01012.jpg|01013.jpg|01014.jpg|01015.jpg|01016.jpg|01017.jpg|01018.jpg|01019.jpg|01020.jpg|01021.jpg|01022.jpg|01023.jpg|01024.jpg|01025.jpg|01026.jpg|01027.jpg|01028.jpg|01029.jpg|01030.jpg|01031.jpg|01032.jpg|01033.jpg|01034.jpg|01035.jpg|01036.jpg|01037.jpg|01038.jpg|01039.jpg|01040.jpg|01041.jpg|01042.jpg|01043.jpg|01044.jpg|01045.jpg|01046.jpg|01047.jpg|01048.jpg|01049.jpg|01050.jpg,no
camera_group_v2_0329,18,18,0,18,1051,1068,01051.jpg|01052.jpg|01053.jpg|01054.jpg|01055.jpg|01056.jpg|01057.jpg|01058.jpg|01059.jpg|01060.jpg|01061.jpg|01062.jpg|01063.jpg|01064.jpg|01065.jpg|01066.jpg|01067.jpg|01068.jpg,no
camera_group_v2_0330,8,8,0,8,1069,1076,01069.jpg|01070.jpg|01071.jpg|01072.jpg|01073.jpg|01074.jpg|01075.jpg|01076.jpg,no
camera_group_v2_0331,1,1,0,1,1077,1077,01077.jpg,no
camera_group_v2_0332,8,8,0,8,1078,1085,01078.jpg|01079.jpg|01080.jpg|01081.jpg|01082.jpg|01083.jpg|01084.jpg|01085.jpg,no
camera_group_v2_0333,1,1,0,1,1086,1086,01086.jpg,no
camera_group_v2_0334,9,9,0,9,1087,1095,01087.jpg|01088.jpg|01089.jpg|01090.jpg|01091.jpg|01092.jpg|01093.jpg|01094.jpg|01095.jpg,no
camera_group_v2_0335,2,2,0,2,1096,1097,01096.jpg|01097.jpg,no
camera_group_v2_0336,2,2,0,2,1098,1099,01098.jpg|01099.jpg,no
camera_group_v2_0337,2,2,0,2,1100,1102,01100.jpg|01102.jpg,no
camera_group_v2_0338,1,1,0,1,1101,1101,01101.jpg,no
camera_group_v2_0339,27,27,0,27,1103,1143,01103.jpg|01104.jpg|01109.jpg|01110.jpg|01111.jpg|01112.jpg|01113.jpg|01114.jpg|01115.jpg|01116.jpg|01117.jpg|01118.jpg|01119.jpg|01120.jpg|01121.jpg|01122.jpg|01123.jpg|01134.jpg|01135.jpg|01136.jpg|01137.jpg|01138.jpg|01139.jpg|01140.jpg|01141.jpg|01142.jpg|01143.jpg,no
camera_group_v2_0340,1,1,0,1,1105,1105,01105.jpg,no
camera_group_v2_0341,1,1,0,1,1106,1106,01106.jpg,no
camera_group_v2_0342,1,1,0,1,1107,1107,01107.jpg,no
camera_group_v2_0343,1,1,0,1,1108,1108,01108.jpg,no
camera_group_v2_0344,10,10,0,10,1124,1133,01124.jpg|01125.jpg|01126.jpg|01127.jpg|01128.jpg|01129.jpg|01130.jpg|01131.jpg|01132.jpg|01133.jpg,no
camera_group_v2_0345,4,4,0,4,1144,1147,01144.jpg|01145.jpg|01146.jpg|01147.jpg,no
camera_group_v2_0346,9,9,0,9,1148,1156,01148.jpg|01149.jpg|01150.jpg|01151.jpg|01152.jpg|01153.jpg|01154.jpg|01155.jpg|01156.jpg,no
camera_group_v2_0347,4,4,0,4,1157,1160,01157.jpg|01158.jpg|01159.jpg|01160.jpg,no
camera_group_v2_0348,7,7,0,7,1161,1168,01161.jpg|01162.jpg|01163.jpg|01165.jpg|01166.jpg|01167.jpg|01168.jpg,no
camera_group_v2_0349,1,1,0,1,1164,1164,01164.jpg,no
camera_group_v2_0350,2,2,0,2,1169,1170,01169.jpg|01170.jpg,no
camera_group_v2_0351,1,1,0,1,1171,1171,01171.jpg,no
camera_group_v2_0352,2,2,0,2,1172,1173,01172.jpg|01173.jpg,no
camera_group_v2_0353,1,1,0,1,1174,1174,01174.jpg,no
camera_group_v2_0354,7,7,0,7,1175,1181,01175.jpg|01176.jpg|01177.jpg|01178.jpg|01179.jpg|01180.jpg|01181.jpg,no
camera_group_v2_0355,1,1,0,1,1182,1182,01182.jpg,no
camera_group_v2_0356,14,14,0,14,1183,1206,01183.jpg|01187.jpg|01188.jpg|01189.jpg|01191.jpg|01193.jpg|01194.jpg|01195.jpg|01196.jpg|01199.jpg|01203.jpg|01204.jpg|01205.jpg|01206.jpg,no
camera_group_v2_0357,1,1,0,1,1184,1184,01184.jpg,no
camera_group_v2_0358,1,1,0,1,1185,1185,01185.jpg,no
camera_group_v2_0359,1,1,0,1,1186,1186,01186.jpg,no
camera_group_v2_0360,1,1,0,1,1190,1190,01190.jpg,no
camera_group_v2_0361,1,1,0,1,1192,1192,01192.jpg,no
camera_group_v2_0362,1,1,0,1,1197,1197,01197.jpg,no
camera_group_v2_0363,1,1,0,1,1198,1198,01198.jpg,no
camera_group_v2_0364,1,1,0,1,1200,1200,01200.jpg,no
camera_group_v2_0365,1,1,0,1,1201,1201,01201.jpg,no
camera_group_v2_0366,1,1,0,1,1202,1202,01202.jpg,no
camera_group_v2_0367,6,6,0,6,1207,1212,01207.jpg|01208.jpg|01209.jpg|01210.jpg|01211.jpg|01212.jpg,no
camera_group_v2_0368,2,2,0,2,1213,1214,01213.jpg|01214.jpg,no
camera_group_v2_0369,7,7,0,7,1215,1221,01215.jpg|01216.jpg|01217.jpg|01218.jpg|01219.jpg|01220.jpg|01221.jpg,no
camera_group_v2_0370,25,21,4,21,1222,1248,01222.jpg|01223.jpg|01224.jpg|01225.jpg|01226.jpg|01227.jpg|01228.jpg|01229.jpg|01230.jpg|01231.jpg|01232.jpg|01233.jpg|01234.jpg|01235.jpg|01236.jpg|01237.jpg|01238.jpg|01239.jpg|01240.jpg|01241.jpg|01242.jpg|01245.jpg|01246.jpg|01247.jpg|01248.jpg,no
camera_group_v2_0371,1,1,0,1,1243,1243,01243.jpg,no
camera_group_v2_0372,1,0,1,0,1244,1244,01244.jpg,no
camera_group_v2_0373,46,0,46,0,1249,1295,01249.jpg|01250.jpg|01251.jpg|01252.jpg|01253.jpg|01254.jpg|01255.jpg|01256.jpg|01257.jpg|01258.jpg|01259.jpg|01260.jpg|01261.jpg|01262.jpg|01263.jpg|01264.jpg|01265.jpg|01266.jpg|01267.jpg|01268.jpg|01269.jpg|01270.jpg|01271.jpg|01272.jpg|01273.jpg|01274.jpg|01275.jpg|01276.jpg|01277.jpg|01278.jpg|01279.jpg|01280.jpg|01281.jpg|01282.jpg|01283.jpg|01284.jpg|01285.jpg|01286.jpg|01287.jpg|01289.jpg|01290.jpg|01291.jpg|01292.jpg|01293.jpg|01294.jpg|01295.jpg,no
camera_group_v2_0374,1,0,1,0,1288,1288,01288.jpg,no
camera_group_v2_0375,1,0,1,0,1296,1296,01296.jpg,no
camera_group_v2_0376,1,0,1,0,1297,1297,01297.jpg,no
camera_group_v2_0377,2,0,2,0,1298,1299,01298.jpg|01299.jpg,no
camera_group_v2_0378,16,0,16,0,1300,1315,01300.jpg|01301.jpg|01302.jpg|01303.jpg|01304.jpg|01305.jpg|01306.jpg|01307.jpg|01308.jpg|01309.jpg|01310.jpg|01311.jpg|01312.jpg|01313.jpg|01314.jpg|01315.jpg,no
camera_group_v2_0379,2,0,2,0,1316,1317,01316.jpg|01317.jpg,no
camera_group_v2_0380,1,0,1,0,1318,1318,01318.jpg,no
camera_group_v2_0381,5,0,5,0,1319,1323,01319.jpg|01320.jpg|01321.jpg|01322.jpg|01323.jpg,no
camera_group_v2_0382,12,0,12,0,1324,1338,01324.jpg|01325.jpg|01326.jpg|01327.jpg|01329.jpg|01331.jpg|01332.jpg|01334.jpg|01335.jpg|01336.jpg|01337.jpg|01338.jpg,no
camera_group_v2_0383,5,0,5,0,1328,1341,01328.jpg|01330.jpg|01333.jpg|01339.jpg|01341.jpg,no
camera_group_v2_0384,1,0,1,0,1340,1340,01340.jpg,no
camera_group_v2_0385,3,0,3,0,1342,1345,01342.jpg|01343.jpg|01345.jpg,no
camera_group_v2_0386,1,0,1,0,1344,1344,01344.jpg,no
camera_group_v2_0387,8,0,8,0,1346,1354,01346.jpg|01347.jpg|01349.jpg|01350.jpg|01351.jpg|01352.jpg|01353.jpg|01354.jpg,no
camera_group_v2_0388,2,0,2,0,1348,1355,01348.jpg|01355.jpg,no
camera_group_v2_0389,1,0,1,0,1356,1356,01356.jpg,no
camera_group_v2_0390,1,0,1,0,1357,1357,01357.jpg,no
camera_group_v2_0391,21,0,21,0,1358,1383,01358.jpg|01359.jpg|01361.jpg|01362.jpg|01363.jpg|01364.jpg|01365.jpg|01366.jpg|01367.jpg|01369.jpg|01372.jpg|01373.jpg|01374.jpg|01375.jpg|01376.jpg|01377.jpg|01378.jpg|01380.jpg|01381.jpg|01382.jpg|01383.jpg,no
camera_group_v2_0392,2,0,2,0,1360,1368,01360.jpg|01368.jpg,no
camera_group_v2_0393,3,0,3,0,1370,1379,01370.jpg|01371.jpg|01379.jpg,no
camera_group_v2_0394,2,0,2,0,1384,1385,01384.jpg|01385.jpg,no
camera_group_v2_0395,5,0,5,0,1386,1397,01386.jpg|01387.jpg|01388.jpg|01389.jpg|01397.jpg,no
camera_group_v2_0396,8,0,8,0,1390,1402,01390.jpg|01391.jpg|01392.jpg|01393.jpg|01398.jpg|01399.jpg|01400.jpg|01402.jpg,no
camera_group_v2_0397,2,0,2,0,1394,1395,01394.jpg|01395.jpg,no
camera_group_v2_0398,1,0,1,0,1396,1396,01396.jpg,no
camera_group_v2_0399,1,0,1,0,1401,1401,01401.jpg,no
camera_group_v2_0400,1,0,1,0,1403,1403,01403.jpg,no
camera_group_v2_0401,20,0,20,0,1404,1424,01404.jpg|01405.jpg|01406.jpg|01407.jpg|01408.jpg|01409.jpg|01411.jpg|01412.jpg|01413.jpg|01414.jpg|01415.jpg|01416.jpg|01417.jpg|01418.jpg|01419.jpg|01420.jpg|01421.jpg|01422.jpg|01423.jpg|01424.jpg,no
camera_group_v2_0402,1,0,1,0,1410,1410,01410.jpg,no
camera_group_v2_0403,21,0,21,0,1425,1445,01425.jpg|01426.jpg|01427.jpg|01428.jpg|01429.jpg|01430.jpg|01431.jpg|01432.jpg|01433.jpg|01434.jpg|01435.jpg|01436.jpg|01437.jpg|01438.jpg|01439.jpg|01440.jpg|01441.jpg|01442.jpg|01443.jpg|01444.jpg|01445.jpg,no
camera_group_v2_0404,6,0,6,0,1446,1452,01446.jpg|01448.jpg|01449.jpg|01450.jpg|01451.jpg|01452.jpg,no
camera_group_v2_0405,1,0,1,0,1447,1447,01447.jpg,no
camera_group_v2_0406,7,0,7,0,1453,1459,01453.jpg|01454.jpg|01455.jpg|01456.jpg|01457.jpg|01458.jpg|01459.jpg,no
camera_group_v2_0407,16,0,16,0,1460,1475,01460.jpg|01461.jpg|01462.jpg|01463.jpg|01464.jpg|01465.jpg|01466.jpg|01467.jpg|01468.jpg|01469.jpg|01470.jpg|01471.jpg|01472.jpg|01473.jpg|01474.jpg|01475.jpg,no
camera_group_v2_0408,2,0,2,0,1476,1477,01476.jpg|01477.jpg,no
camera_group_v2_0409,61,0,61,0,1478,1538,01478.jpg|01479.jpg|01480.jpg|01481.jpg|01482.jpg|01483.jpg|01484.jpg|01485.jpg|01486.jpg|01487.jpg|01488.jpg|01489.jpg|01490.jpg|01491.jpg|01492.jpg|01493.jpg|01494.jpg|01495.jpg|01496.jpg|01497.jpg|01498.jpg|01499.jpg|01500.jpg|01501.jpg|01502.jpg|01503.jpg|01504.jpg|01505.jpg|01506.jpg|01507.jpg|01508.jpg|01509.jpg|01510.jpg|01511.jpg|01512.jpg|01513.jpg|01514.jpg|01515.jpg|01516.jpg|01517.jpg|01518.jpg|01519.jpg|01520.jpg|01521.jpg|01522.jpg|01523.jpg|01524.jpg|01525.jpg|01526.jpg|01527.jpg|01528.jpg|01529.jpg|01530.jpg|01531.jpg|01532.jpg|01533.jpg|01534.jpg|01535.jpg|01536.jpg|01537.jpg|01538.jpg,no
camera_group_v2_0410,10,0,10,0,1539,1548,01539.jpg|01540.jpg|01541.jpg|01542.jpg|01543.jpg|01544.jpg|01545.jpg|01546.jpg|01547.jpg|01548.jpg,no
camera_group_v2_0411,13,0,13,0,1549,1561,01549.jpg|01550.jpg|01551.jpg|01552.jpg|01553.jpg|01554.jpg|01555.jpg|01556.jpg|01557.jpg|01558.jpg|01559.jpg|01560.jpg|01561.jpg,no
camera_group_v2_0412,30,0,30,0,1562,1600,01562.jpg|01565.jpg|01572.jpg|01573.jpg|01574.jpg|01575.jpg|01576.jpg|01577.jpg|01578.jpg|01579.jpg|01580.jpg|01581.jpg|01582.jpg|01583.jpg|01584.jpg|01585.jpg|01586.jpg|01587.jpg|01588.jpg|01589.jpg|01590.jpg|01591.jpg|01592.jpg|01593.jpg|01594.jpg|01596.jpg|01597.jpg|01598.jpg|01599.jpg|01600.jpg,no
camera_group_v2_0413,1,0,1,0,1563,1563,01563.jpg,no
camera_group_v2_0414,1,0,1,0,1564,1564,01564.jpg,no
camera_group_v2_0415,4,0,4,0,1566,1569,01566.jpg|01567.jpg|01568.jpg|01569.jpg,no
camera_group_v2_0416,1,0,1,0,1570,1570,01570.jpg,no
camera_group_v2_0417,1,0,1,0,1571,1571,01571.jpg,no
camera_group_v2_0418,1,0,1,0,1595,1595,01595.jpg,no
camera_group_v2_0419,22,0,22,0,1601,1626,01601.jpg|01602.jpg|01603.jpg|01604.jpg|01606.jpg|01607.jpg|01608.jpg|01609.jpg|01610.jpg|01611.jpg|01612.jpg|01614.jpg|01615.jpg|01616.jpg|01617.jpg|01618.jpg|01619.jpg|01620.jpg|01623.jpg|01624.jpg|01625.jpg|01626.jpg,no
camera_group_v2_0420,5,0,5,0,1605,1627,01605.jpg|01613.jpg|01621.jpg|01622.jpg|01627.jpg,no
camera_group_v2_0421,10,0,10,0,1628,1637,01628.jpg|01629.jpg|01630.jpg|01631.jpg|01632.jpg|01633.jpg|01634.jpg|01635.jpg|01636.jpg|01637.jpg,no
camera_group_v2_0422,2,0,2,0,1638,1639,01638.jpg|01639.jpg,no
camera_group_v2_0423,1,0,1,0,1640,1640,01640.jpg,no
camera_group_v2_0424,1,0,1,0,1641,1641,01641.jpg,no
camera_group_v2_0425,1,0,1,0,1642,1642,01642.jpg,no
camera_group_v2_0426,1,0,1,0,1643,1643,01643.jpg,no
camera_group_v2_0427,5,0,5,0,1644,1648,01644.jpg|01645.jpg|01646.jpg|01647.jpg|01648.jpg,no
camera_group_v2_0428,1,1,0,1,2043,2043,02043.jpg,no
camera_group_v2_0429,1,1,0,1,2044,2044,02044.jpg,no
camera_group_v2_0430,2,2,0,2,2045,2046,02045.jpg|02046.jpg,no
camera_group_v2_0431,1,1,0,1,2047,2047,02047.jpg,no
camera_group_v2_0432,3,3,0,3,2048,2051,02048.jpg|02050.jpg|02051.jpg,no
camera_group_v2_0433,1,1,0,1,2049,2049,02049.jpg,no
camera_group_v2_0434,6,6,0,6,2052,2057,02052.jpg|02053.jpg|02054.jpg|02055.jpg|02056.jpg|02057.jpg,no
camera_group_v2_0435,2,2,0,2,2058,2059,02058.jpg|02059.jpg,no
camera_group_v2_0436,2,2,0,2,2060,2061,02060.jpg|02061.jpg,no
camera_group_v2_0437,1,1,0,1,2062,2062,02062.jpg,no
camera_group_v2_0438,15,15,0,15,2063,2087,02063.jpg|02064.jpg|02065.jpg|02066.jpg|02067.jpg|02068.jpg|02069.jpg|02070.jpg|02071.jpg|02078.jpg|02079.jpg|02080.jpg|02085.jpg|02086.jpg|02087.jpg,no
camera_group_v2_0439,3,3,0,3,2072,2076,02072.jpg|02075.jpg|02076.jpg,no
camera_group_v2_0440,1,1,0,1,2073,2073,02073.jpg,no
camera_group_v2_0441,2,2,0,2,2074,2077,02074.jpg|02077.jpg,no
camera_group_v2_0442,2,2,0,2,2081,2082,02081.jpg|02082.jpg,yes
camera_group_v2_0443,2,2,0,2,2083,2084,02083.jpg|02084.jpg,yes
camera_group_v2_0444,1,1,0,1,2088,2088,02088.jpg,no
camera_group_v2_0445,1,1,0,1,2089,2089,02089.jpg,no
camera_group_v2_0446,2,2,0,2,2090,2091,02090.jpg|02091.jpg,no
camera_group_v2_0447,2,2,0,2,2092,2093,02092.jpg|02093.jpg,no
camera_group_v2_0448,3,3,0,3,2094,2096,02094.jpg|02095.jpg|02096.jpg,no
camera_group_v2_0449,15,15,0,15,2097,2111,02097.jpg|02098.jpg|02099.jpg|02100.jpg|02101.jpg|02102.jpg|02103.jpg|02104.jpg|02105.jpg|02106.jpg|02107.jpg|02108.jpg|02109.jpg|02110.jpg|02111.jpg,yes
camera_group_v2_0450,10,10,0,10,2112,2121,02112.jpg|02113.jpg|02114.jpg|02115.jpg|02116.jpg|02117.jpg|02118.jpg|02119.jpg|02120.jpg|02121.jpg,no
camera_group_v2_0451,1,1,0,1,2122,2122,02122.jpg,no
camera_group_v2_0452,4,4,0,4,2123,2126,02123.jpg|02124.jpg|02125.jpg|02126.jpg,no
camera_group_v2_0453,8,8,0,8,2127,2134,02127.jpg|02128.jpg|02129.jpg|02130.jpg|02131.jpg|02132.jpg|02133.jpg|02134.jpg,no
camera_group_v2_0454,2,2,0,2,2135,2136,02135.jpg|02136.jpg,no
camera_group_v2_0455,1,1,0,1,2137,2137,02137.jpg,no
camera_group_v2_0456,5,5,0,5,2138,2142,02138.jpg|02139.jpg|02140.jpg|02141.jpg|02142.jpg,no
camera_group_v2_0457,7,7,0,7,2143,2149,02143.jpg|02144.jpg|02145.jpg|02146.jpg|02147.jpg|02148.jpg|02149.jpg,no
camera_group_v2_0458,7,1,6,1,2150,2156,02150.jpg|02151.jpg|02152.jpg|02153.jpg|02154.jpg|02155.jpg|02156.jpg,no
camera_group_v2_0459,6,0,6,0,2157,2162,02157.jpg|02158.jpg|02159.jpg|02160.jpg|02161.jpg|02162.jpg,no
camera_group_v2_0460,13,0,13,0,2163,2175,02163.jpg|02164.jpg|02165.jpg|02166.jpg|02167.jpg|02168.jpg|02169.jpg|02170.jpg|02171.jpg|02172.jpg|02173.jpg|02174.jpg|02175.jpg,yes
camera_group_v2_0461,2,0,2,0,2176,2177,02176.jpg|02177.jpg,no
camera_group_v2_0462,5,0,5,0,2178,2182,02178.jpg|02179.jpg|02180.jpg|02181.jpg|02182.jpg,no
camera_group_v2_0463,2,0,2,0,2183,2184,02183.jpg|02184.jpg,no
camera_group_v2_0464,5,0,5,0,2185,2189,02185.jpg|02186.jpg|02187.jpg|02188.jpg|02189.jpg,yes
camera_group_v2_0465,1,0,1,0,2190,2190,02190.jpg,no
camera_group_v2_0466,1,0,1,0,2191,2191,02191.jpg,no
camera_group_v2_0467,1,0,1,0,2192,2192,02192.jpg,no
camera_group_v2_0468,1,0,1,0,2193,2193,02193.jpg,no
camera_group_v2_0469,2,0,2,0,2194,2195,02194.jpg|02195.jpg,no
camera_group_v2_0470,3,0,3,0,2196,2198,02196.jpg|02197.jpg|02198.jpg,no
camera_group_v2_0471,1,0,1,0,2199,2199,02199.jpg,no
camera_group_v2_0472,9,0,9,0,2200,2208,02200.jpg|02201.jpg|02202.jpg|02203.jpg|02204.jpg|02205.jpg|02206.jpg|02207.jpg|02208.jpg,no
camera_group_v2_0473,2,0,2,0,2209,2210,02209.jpg|02210.jpg,no
camera_group_v2_0474,1,0,1,0,2211,2211,02211.jpg,no
camera_group_v2_0475,3,0,3,0,2212,2214,02212.jpg|02213.jpg|02214.jpg,yes
camera_group_v2_0476,31,0,31,0,2215,2245,02215.jpg|02216.jpg|02217.jpg|02218.jpg|02219.jpg|02220.jpg|02221.jpg|02222.jpg|02223.jpg|02224.jpg|02225.jpg|02226.jpg|02227.jpg|02228.jpg|02229.jpg|02230.jpg|02231.jpg|02232.jpg|02233.jpg|02234.jpg|02235.jpg|02236.jpg|02237.jpg|02238.jpg|02239.jpg|02240.jpg|02241.jpg|02242.jpg|02243.jpg|02244.jpg|02245.jpg,no
camera_group_v2_0477,1,0,1,0,2246,2246,02246.jpg,no
camera_group_v2_0478,19,0,19,0,2247,2265,02247.jpg|02248.jpg|02249.jpg|02250.jpg|02251.jpg|02252.jpg|02253.jpg|02254.jpg|02255.jpg|02256.jpg|02257.jpg|02258.jpg|02259.jpg|02260.jpg|02261.jpg|02262.jpg|02263.jpg|02264.jpg|02265.jpg,no
camera_group_v2_0479,1,0,1,0,2266,2266,02266.jpg,no
camera_group_v2_0480,1,0,1,0,2267,2267,02267.jpg,no
camera_group_v2_0481,8,0,8,0,2268,2294,02268.jpg|02271.jpg|02273.jpg|02274.jpg|02291.jpg|02292.jpg|02293.jpg|02294.jpg,no
camera_group_v2_0482,3,0,3,0,2269,2272,02269.jpg|02270.jpg|02272.jpg,no
camera_group_v2_0483,1,0,1,0,2275,2275,02275.jpg,no
camera_group_v2_0484,1,0,1,0,2276,2276,02276.jpg,no
camera_group_v2_0485,6,0,6,0,2277,2282,02277.jpg|02278.jpg|02279.jpg|02280.jpg|02281.jpg|02282.jpg,no
camera_group_v2_0486,4,0,4,0,2283,2286,02283.jpg|02284.jpg|02285.jpg|02286.jpg,no
camera_group_v2_0487,4,0,4,0,2287,2290,02287.jpg|02288.jpg|02289.jpg|02290.jpg,no
camera_group_v2_0488,2,0,2,0,2295,2296,02295.jpg|02296.jpg,yes
camera_group_v2_0489,1,0,1,0,2297,2297,02297.jpg,no
camera_group_v2_0490,1,0,1,0,2298,2298,02298.jpg,no
camera_group_v2_0491,4,0,4,0,2299,2302,02299.jpg|02300.jpg|02301.jpg|02302.jpg,yes
camera_group_v2_0492,6,0,6,0,2303,2308,02303.jpg|02304.jpg|02305.jpg|02306.jpg|02307.jpg|02308.jpg,no
camera_group_v2_0493,3,0,3,0,2309,2311,02309.jpg|02310.jpg|02311.jpg,no
camera_group_v2_0494,1,0,1,0,2312,2312,02312.jpg,no
camera_group_v2_0495,1,0,1,0,2313,2313,02313.jpg,no
camera_group_v2_0496,1,0,1,0,2314,2314,02314.jpg,no
camera_group_v2_0497,2,0,2,0,2315,2316,02315.jpg|02316.jpg,no
camera_group_v2_0498,1,0,1,0,2317,2317,02317.jpg,no
camera_group_v2_0499,4,0,4,0,2318,2321,02318.jpg|02319.jpg|02320.jpg|02321.jpg,no
camera_group_v2_0500,1,0,1,0,2484,2484,02484.jpg,no
camera_group_v2_0501,1,0,1,0,2485,2485,02485.png,no
camera_group_v2_0502,1,1,0,1,2486,2486,02486.jpg,no
camera_group_v2_0503,1,1,0,1,2487,2487,02487.jpg,no
camera_group_v2_0504,1,1,0,1,2488,2488,02488.jpg,no
camera_group_v2_0505,1,1,0,1,2489,2489,02489.jpg,no
camera_group_v2_0506,1,0,1,0,2490,2490,02490.jpg,no
camera_group_v2_0507,1,0,1,0,2491,2491,02491.png,no
camera_group_v2_0508,1,0,1,0,2492,2492,02492.jpg,no
