"filename","sha256","bytes"
"00033.jpg","d06a54debe36872e10623798fb94b14d54eb968672b32f38d6f4be8ec1682aa7","4547721"
"00064.jpg","d6632d37bcd52084ae054eb8c84cdf61a89d7cad164eaa668942b5e821a4cd27","197861"
"00096.jpg","64d1aa49767b78de0191b1f2f0234ea0a5ccd272f10fbb3e148777e1c19ccd21","4178291"
"00100.jpg","a1b3d9e3644974ea612fe5bff14fdb741518f8ed9dac7e192512c89d029205e2","521221"
"00114.jpg","ca9df61e439d8a990aa857e9bd560ce07f47d07c8387c0805d351883437976bf","5017997"
"01086.jpg","1de26166d25df2eec41e06e6a91578511273c4cf9ac4d3f297bba2013c6f6fa8","387384"
"02111.jpg","a361b4b13e26f204f88c2583d353259de3021299bef37d8e6ad6b25dc1a7fbcc","469467"
"02486.jpg","3fc68fde7c66b63b7084de34942b1873f80eb65db6ba2bc5f3629bb9da2015fd","2452366"
"02487.jpg","e4b3d12fcecb064a4a47626e80a079c49ecf1e1c5b42c04d7f296da6f6dfaa15","3297279"
"02488.jpg","6a592bc1e96e25c8d9202637910b3198b78e3525533111125741807f5f71be0a","2232070"
"02489.jpg","1c398b5bb82ca1644971e60da8ab0bb0a62460c5da136458942f669fc4d8e68e","34294"
